"구분",화장실명,소재지도로명주소,소재지지번주소,남녀공용화장실여부,남성용-대변기수,남성용-소변기수,남성용-장애인용대변기수,남성용-장애인용소변기수,남성용-어린이용대변기수,남성용-어린이용소변기수,여성용-대변기수,여성용-장애인용대변기수,여성용-어린이용대변기수,관리기관명,전화번호,개방시간,설치년도,위도,경도,데이터기준일자
"공중화장실",(의)세창의료재단우성병원,경기도 안산시 단원구 고잔로 58-10,경기도 안산시 단원구 고잔동 529-3,N,5,5,0,0,0,0,10,0,0,(의)세창의료재단,,00:00~24:00,,37.31840800,126.83200500,2019-08-01
"공중화장실",21세기병원,경기도 안산시 단원구 보화로 50,경기도 안산시 단원구 고잔동 616-2,N,6,6,9,9,0,0,7,5,0,21세기병원,,00:00~24:00,,37.33064980,126.83170398,2019-08-01
"공중화장실",CGV,경기도 안산시 단원구 광덕대로 194,경기도 안산시 단원구 고잔동 725-1,N,4,12,0,0,0,0,12,0,0,CGV,,00:00~24:00,,37.31342070,126.83100590,2019-08-01
"공중화장실",GS스타주유소,경기도 안산시 단원구 동산로 179,경기도 안산시 단원구 원곡동 616,N,0,0,2,2,0,0,0,1,0,GS칼텍스,,00:00~24:00,,37.31848797,126.80490774,2019-08-01
"공중화장실",IBK기업은행,경기도 안산시 단원구 별망로 424,경기도 안산시 단원구 목내동 489-2,N,6,10,0,0,0,0,8,0,0,IBK기업은행,,00:00~24:00,,37.30423941,126.77185760,2019-08-01
"공중화장실",SK동양주유소,경기도 안산시 단원구 중앙대로 351,경기도 안산시 단원구 신길동 1743,N,0,0,0,0,0,0,0,0,0,SK네트웍스,,00:00~24:00,,37.33328562,126.77976054,2019-08-01
"공중화장실",SK안산공원주유소,경기도 안산시 단원구 광덕1로 268,경기도 안산시 단원구 고잔동 779-1,N,1,2,1,1,0,0,1,1,0,SK네트웍스,,00:00~24:00,,37.30692434,126.83988296,2019-08-01
"공중화장실",SK안산충전소,경기도 안산시 상록구 선진안길 83,경기도 안산시 상록구 사동 1493,N,1,2,0,0,0,0,1,0,0,SK네트웍스,,00:00~24:00,,37.27769525,126.84851886,2019-08-01
"공중화장실",새천년주유소,경기도 안산시 단원구 정왕대로 424,경기도 안산시 단원구 신길동 249-20,N,1,1,0,0,0,0,1,0,0,SK네트웍스,,00:00~24:00,,37.33413350,126.75617140,2019-08-01
"공중화장실",SK팔곡주유소,경기도 안산시 상록구 해안로 1295,경기도 안산시 상록구 팔곡이동 445-4,N,2,1,0,0,0,0,2,0,0,SK네트웍스팔곡주유소,,00:00~24:00,,37.29335584,126.88404800,2019-08-01
"공중화장실",성포도서관,경기도 안산시 상록구 충장로 528,경기도 안산시 상록구 성포동 594-4,N,6,9,0,0,0,0,7,0,0,감골도서관장,,00:00~24:00,,37.32514130,126.85036770,2019-08-01
"공중화장실",본오도서관,경기도 안산시 상록구 각골로 49,경기도 안산시 상록구 본오동 778,N,2,2,4,4,0,0,6,2,0,감골도서관장,,00:00~24:00,,37.29399604,126.87229188,2019-08-01
"공중화장실",일동도서관,경기도 안산시 상록구 구룡로 71,경기도 안산시 상록구 일동 110-5,N,2,2,1,1,0,0,4,1,0,감골도서관장,,00:00~24:00,,37.31541280,126.87158323,2019-08-01
"공중화장실",감골도서관,경기도 안산시 상록구 감골공원안길 16-1,경기도 안산시 상록구 사동 1342-2,N,9,0,0,0,9,0,6,0,0,감골도서관장,,00:00~24:00,,37.29261860,126.85451124,2019-08-01
"공중화장실",강희그랜드빌,경기도 안산시 단원구 광덕대로 145,경기도 안산시 단원구 고잔동 717,N,9,12,0,0,0,0,9,0,0,강희그랜드빌번영회,,00:00~24:00,,37.30950407,126.82894130,2019-08-01
"공중화장실",굿모닝오피스텔,경기도 안산시 상록구 석호로 43,경기도 안산시 상록구 이동 712,N,28,7,0,0,0,0,28,0,0,강희자산관리㈜,,00:00~24:00,,37.30762694,126.84791530,2019-08-01
"공중화장실",데코스포텔,경기도 안산시 상록구 광덕1로 355,경기도 안산시 상록구 이동 714-3,N,6,6,1,1,0,0,6,1,0,강희자산관리㈜,,00:00~24:00,,37.30720300,126.84902470,2019-08-01
"공중화장실",수암주유소,경기도 안산시 상록구 원당골1길 23-14,경기도 안산시 상록구 수암동 465,N,2,1,0,0,0,0,2,0,0,개인,,00:00~24:00,,37.36516451,126.87707130,2019-08-01
"공중화장실",신반월주유소,경기도 안산시 상록구 건건1길 7,경기도 안산시 상록구 건건동 897-28,N,2,0,0,0,0,0,1,0,0,개인,,00:00~24:00,,37.30155789,126.90307420,2019-08-01
"공중화장실",안산IC충전소,경기도 안산시 상록구 가루개로 181,경기도 안산시 상록구 양상동 247,N,1,3,0,0,0,0,2,0,0,개인,,00:00~24:00,,37.34367601,126.85122130,2019-08-01
"공중화장실",신원프라자,경기도 안산시 단원구 광덕4로 102,경기도 안산시 단원구 고잔동 681-3,N,10,13,2,2,0,0,10,2,0,개인,,00:00~24:00,,37.31511414,126.82360410,2019-08-01
"공중화장실",디에스에이도금단지주유소,경기도 안산시 상록구 용담로 75,경기도 안산시 상록구 팔곡이동 70-3,N,2,2,0,0,0,0,3,0,0,개인,,00:00~24:00,,37.28708377,126.88698980,2019-08-01
"공중화장실",사동셀프주유소,경기도 안산시 상록구 선진로 11,경기도 안산시 상록구 사동 1486,N,1,1,0,0,0,0,2,0,0,개인,,00:00~24:00,,37.28072506,126.84750350,2019-08-01
"공중화장실",아이즈빌1오피스텔,경기도 안산시 단원구 고잔로 51,경기도 안산시 단원구 고잔동 527-4,N,5,8,1,1,0,0,8,1,0,개인,,00:00~24:00,,37.31950552,126.83194170,2019-08-01
"공중화장실",SK반월주유소,경기도 안산시 상록구 송호1길 33,경기도 안산시 상록구 이동 648,N,1,2,0,0,0,0,2,0,0,개인,,00:00~24:00,,37.31301525,126.84521140,2019-08-01
"공중화장실",본오주유소,경기도 안산시 상록구 석호로 369,경기도 안산시 상록구 본오동 782-1,N,2,1,0,0,0,0,2,0,0,개인,,00:00~24:00,,37.29346040,126.87177360,2019-08-01
"공중화장실",동해주유소,경기도 안산시 상록구 선진6길 38,경기도 안산시 상록구 사동 1496-9,N,1,2,0,0,0,0,1,0,0,개인,,00:00~24:00,,37.28130750,126.84693510,2019-08-01
"공중화장실",소망주유소,경기도 안산시 상록구 석호로 200,경기도 안산시 상록구 사동 1318-2,N,1,2,0,0,0,0,1,0,0,개인,,00:00~24:00,,37.29503521,126.85289158,2019-08-01
"공중화장실",신양주유소,경기도 안산시 상록구 월피로 84,경기도 안산시 상록구 월피동 466-6,N,2,2,0,0,0,0,1,0,0,개인,,00:00~24:00,,37.33562994,126.85278630,2019-08-01
"공중화장실",자연주유소,경기도 안산시 상록구 해안로 1172,경기도 안산시 상록구 본오동 33-2,N,2,2,0,0,0,0,2,0,0,개인,,00:00~24:00,,37.28850330,126.87223020,2019-08-01
"공중화장실",나이스헬스클럽(사이버빌딩),경기도 안산시 상록구 성포로 30,경기도 안산시 상록구 성포동 583-4,N,8,8,0,0,0,0,8,0,0,개인,,00:00~24:00,,37.32324010,126.84476744,2019-08-01
"공중화장실",성우주유소,경기도 안산시 상록구 안산천서로 277,경기도 안산시 상록구 월피동 481,N,1,1,0,0,0,0,1,0,0,개인,,00:00~24:00,,37.33799832,126.85021490,2019-08-01
"공중화장실",보은타운,경기도 안산시 상록구 양지편로 38,경기도 안산시 상록구 이동 715-11,N,14,21,0,0,0,0,14,0,0,개인,,00:00~24:00,,37.30944750,126.85146800,2019-08-01
"공중화장실",스마트허브주유소,경기도 안산시 단원구 해봉로 204,경기도 안산시 단원구 성곡동 598-5,N,3,1,0,0,0,0,3,0,0,개인,,00:00~24:00,,37.32083308,126.76464260,2019-08-01
"공중화장실",한창충전소,경기도 안산시 단원구 대선로 419,경기도 안산시 단원구 대부남동 309-30,N,2,1,2,2,0,0,2,1,0,개인,,00:00~24:00,,37.23665471,126.57264787,2019-08-01
"공중화장실",신길IC주유소,경기도 안산시 단원구 성곡로 279,경기도 안산시 단원구 신길동 1037-14,N,2,2,0,0,0,0,1,0,0,개인,,00:00~24:00,,37.32998219,126.76922700,2019-08-01
"공중화장실",상림주유소,경기도 안산시 상록구 서해로 2921,경기도 안산시 상록구 건건동 435-1,N,2,2,0,0,0,0,2,0,0,개인,,00:00~24:00,,37.31170173,126.91276180,2019-08-01
"공중화장실",해안주유소,경기도 안산시 상록구 선진6길 8,경기도 안산시 상록구 사동 1497-1,N,1,1,0,0,0,0,1,0,0,개인,,00:00~24:00,,37.28143400,126.84370310,2019-08-01
"공중화장실",은혜주유소,경기도 안산시 상록구 수인로 1820,경기도 안산시 상록구 부곡동 1-1,N,2,2,0,0,0,0,2,0,0,개인,,00:00~24:00,,37.34614138,126.86960860,2019-08-01
"공중화장실",대웅주유소,경기도 안산시 상록구 수인로 1733,경기도 안산시 상록구 부곡동 214-13,N,1,2,0,0,0,0,1,0,0,개인,,00:00~24:00,,37.33997523,126.86372330,2019-08-01
"공중화장실",GS안산세광주유소,경기도 안산시 상록구 성호로 268,경기도 안산시 상록구 부곡동 685-1,N,0,0,0,0,0,0,0,0,0,개인,,00:00~24:00,,37.32711314,126.85842810,2019-08-01
"공중화장실",안산성원충전소,경기도 안산시 상록구 수인로 1848,경기도 안산시 상록구 장상동 431-3,N,3,4,0,0,0,0,3,0,0,개인,,00:00~24:00,,37.34918862,126.87129740,2019-08-01
"공중화장실",신길중앙주유소,경기도 안산시 단원구 삼일로 57,경기도 안산시 단원구 신길동 1535,N,1,2,0,0,0,0,1,0,0,개인,,00:00~24:00,,37.33562770,126.78447491,2019-08-01
"공중화장실",동현주유소,경기도 안산시 단원구 대선로 237,경기도 안산시 단원구 대부북동 831,N,1,1,0,0,0,0,1,0,0,개인,,00:00~24:00,,37.25244727,126.57552620,2019-08-01
"공중화장실",㈜우리에너지,경기도 안산시 상록구 서해로 2938,경기도 안산시 상록구 건건동 431-4,N,2,2,0,0,0,0,2,0,0,개인,,00:00~24:00,,37.31325474,126.91421530,2019-08-01
"공중화장실",반월공단주유소,경기도 안산시 단원구 시우로 46,경기도 안산시 단원구 초지동 626-13,N,1,2,1,1,0,0,2,0,0,개인,,00:00~24:00,,37.30323213,126.80300710,2019-08-01
"공중화장실",해안로충전소,경기도 안산시 상록구 해안로 738,경기도 안산시 상록구 사동 1640-6,N,0,0,2,2,0,0,0,1,0,개인,,00:00~24:00,,37.28714386,126.82891400,2019-08-01
"공중화장실",세진에너지㈜,경기도 안산시 단원구 시흥대로 84-9,경기도 안산시 단원구 선부동 169-1,N,3,2,0,0,0,0,2,0,0,개인,,00:00~24:00,,37.34955704,126.79956670,2019-08-01
"공중화장실",프라움시티,경기도 안산시 단원구 당곡로 33,경기도 안산시 단원구 고잔동 528-1,N,10,10,2,2,0,0,12,2,0,개인,,00:00~24:00,,37.32021240,126.83310180,2019-08-01
"공중화장실",동양센트럴시티,경기도 안산시 상록구 광덕1로 346,경기도 안산시 상록구 이동 720-2,N,4,6,1,1,0,0,4,1,0,개인,,00:00~24:00,,37.30640900,126.84832480,2019-08-01
"공중화장실",코로스프라자,경기도 안산시 상록구 광덕1로 370,경기도 안산시 상록구 이동 716-8,N,10,10,0,0,0,0,15,0,0,개인,,00:00~24:00,,37.30760560,126.85093030,2019-08-01
"공중화장실",로얄빌딩,경기도 안산시 상록구 예술광장1로 46,경기도 안산시 상록구 월피동 445-18,N,10,15,0,0,0,0,10,0,0,개인,,00:00~24:00,,37.32932570,126.84693470,2019-08-01
"공중화장실",안산제2종합시장,경기도 안산시 상록구 성호로 258,경기도 안산시 상록구 부곡동 685-11,N,15,25,0,0,0,0,15,0,0,개인,,00:00~24:00,,37.32640040,126.85846310,2019-08-01
"공중화장실",인우빌,경기도 안산시 상록구 석호공원로 69,경기도 안산시 상록구 사동 1197-4,N,1,2,1,1,0,0,2,1,0,개인,,00:00~24:00,,37.30161927,126.85104370,2019-08-01
"공중화장실",사동주유소,경기도 안산시 상록구 항가울로 22,경기도 안산시 상록구 사동 1423-6,N,3,1,0,0,0,0,2,0,0,개인,,00:00~24:00,,37.28381763,126.84762910,2019-08-01
"공중화장실",신고속주유소,경기도 안산시 상록구 석호로 367,경기도 안산시 상록구 본오동 782,N,2,1,0,0,0,0,1,0,0,개인,,00:00~24:00,,37.29346300,126.87156830,2019-08-01
"공중화장실",월피동주유소,경기도 안산시 상록구 시낭로 25,경기도 안산시 상록구 월피동 466-5,N,2,2,0,0,0,0,1,0,0,개인,,00:00~24:00,,37.33531079,126.85291237,2019-08-01
"공중화장실",삼진종합상사,경기도 안산시 상록구 예술광장로 11,경기도 안산시 상록구 월피동 445-10,N,10,10,0,0,0,0,10,0,0,개인,,00:00~24:00,,37.32900680,126.84521180,2019-08-01
"공중화장실",SK신도시주유소,경기도 안산시 상록구 예술광장1로 18,경기도 안산시 상록구 월피동 445-5,N,1,1,0,0,0,0,1,0,0,개인,,00:00~24:00,,37.32923327,126.84480931,2019-08-01
"공중화장실",한양프라자,경기도 안산시 상록구 반석로 8 (본오동),"경기도 안산시 상록구 본오동 880,한양아파트",N,25,25,0,0,0,0,25,0,0,개인,,00:00~24:00,,37.29579986,126.86104660,2019-08-01
"공중화장실",네스트빌,경기도 안산시 상록구 광덕1로 356,경기도 안산시 상록구 이동 717-4,N,6,6,0,0,0,0,4,0,0,개인,,00:00~24:00,,37.30676047,126.84954460,2019-08-01
"공중화장실",GS세방주유소,경기도 안산시 상록구 성호로 40,경기도 안산시 상록구 일동 119-4,N,1,1,0,0,0,0,2,0,0,개인,,00:00~24:00,,37.30986780,126.86746860,2019-08-01
"공중화장실",새소망노인병원,경기도 안산시 상록구 선진안길 17,경기도 안산시 상록구 사동 1497-3,N,6,6,3,3,0,0,6,3,0,개인,,00:00~24:00,,37.28120189,126.84410494,2019-08-01
"공중화장실",현대오일뱅크 역전주유소,경기도 안산시 상록구 충장로6길 1,경기도 안산시 상록구 이동 593-11,N,3,1,0,0,0,0,1,0,0,개인,,00:00~24:00,,37.30753460,126.85688970,2019-08-01
"공중화장실",단원경찰서,경기도 안산시 단원구 화랑로 373,경기도 안산시 단원구 고잔동 514,N,12,34,2,2,0,0,6,0,0,경기도 경찰청,,00:00~24:00,,37.32194997,126.82956171,2019-08-01
"공중화장실",원곡다문화지구대,경기도 안산시 단원구 원곡공원로 30,경기도 안산시 단원구 원곡동 753,N,0,0,2,2,0,0,1,0,0,경기도 경찰청,,00:00~24:00,,37.33261380,126.79460160,2019-08-01
"공중화장실",면허시험장,경기도 안산시 단원구 순환로 352,경기도 안산시 단원구 와동 95-5,N,13,17,9,9,0,0,11,4,0,경기도 경찰청,,00:00~24:00,,37.34557291,126.82812244,2019-08-01
"공중화장실",경기도안산교육청,경기도 안산시 단원구 적금로 134,경기도 안산시 단원구 고잔동 517-2,N,10,12,2,2,0,0,13,2,0,경기도 교육청,,00:00~24:00,,37.31982658,126.82660600,2019-08-01
"공중화장실",경기도미술관,경기도 안산시 단원구 동산로 268,경기도 안산시 단원구 초지동 667,N,5,6,4,4,0,0,6,1,0,경기도미술관장,,00:00~24:00,,37.32567447,126.81377096,2019-08-01
"공중화장실",상록경찰서,경기도 안산시 상록구 차돌배기로 10,경기도 안산시 상록구 사동 1586-4,N,20,60,0,0,0,0,20,0,0,경찰서장,,00:00~24:00,,37.29919691,126.84518685,2019-08-01
"공중화장실",와동지구대,경기도 안산시 단원구 와동로7길 1,경기도 안산시 단원구 와동 109-9,N,0,0,0,0,0,0,0,0,0,경찰청,,00:00~24:00,,37.34053363,126.82761390,2019-08-01
"공중화장실",고려반월병원,경기도 안산시 상록구 건건로 56,경기도 안산시 상록구 건건동 644-3,N,12,15,1,1,0,0,12,1,0,고려반월병원,,00:00~24:00,,37.30604950,126.90312450,2019-08-01
"공중화장실",고잔1동주민센터,경기도 안산시 단원구 화정천동로 252,경기도 안산시 단원구 고잔동 659-6,N,3,6,1,1,0,0,3,1,0,고잔1동장,,00:00~24:00,,37.32683621,126.81920200,2019-08-01
"공중화장실",고잔2동 주민센터,경기도 안산시 단원구 예술대학로 76,경기도 안산시 단원구 고잔동 672-2,N,8,6,4,4,16,0,2,0,0,고잔2동장,,00:00~24:00,,37.32393654,126.83774381,2019-08-01
"공중화장실",BYC빌딩,경기도 안산시 단원구 광덕대로 181,경기도 안산시 단원구 고잔동 706-5,N,16,24,0,0,0,0,24,0,0,고한수,,00:00~24:00,,37.31280230,126.82921580,2019-08-01
"공중화장실",한국해양연구소,경기도 안산시 상록구 해안로 787,경기도 안산시 상록구 사동 1270,N,8,12,0,0,0,0,12,0,0,과기부산하 기초기술연구회,,00:00~24:00,,37.28531108,126.83521509,2019-08-01
"공중화장실",오션빌딩,경기도 안산시 단원구 고잔로 58-6,경기도 안산시 단원구 고잔동 529-2,N,19,20,0,0,0,0,18,1,0,관리사무실,,00:00~24:00,,37.31873143,126.83203110,2019-08-01
"공중화장실",반월종합상가,경기도 안산시 단원구 화랑로 103,경기도 안산시 단원구 원곡동 846-3,N,4,5,0,0,0,0,8,0,0,관리사무실,,00:00~24:00,,37.32704449,126.80077410,2019-08-01
"공중화장실",에이스타워,경기도 안산시 단원구 고잔로 54,경기도 안산시 단원구 고잔동 529-1,N,30,40,0,0,0,0,29,1,0,관리사무실,,00:00~24:00,,37.31900760,126.83213220,2019-08-01
"공중화장실",늘봄스위트빌2차,경기도 안산시 단원구 선부광장로 77 (선부동),"경기도 안산시 단원구 선부동 1077-15,늘봄스위트빌2",N,2,4,1,1,0,0,3,1,0,관리사무실,,00:00~24:00,,37.33261950,126.81040550,2019-08-01
"공중화장실",동남레이크빌1,경기도 안산시 단원구 광덕1로 163,경기도 안산시 단원구 고잔동 718-1,N,4,6,0,0,0,0,4,0,0,관리사무실,,00:00~24:00,,37.30837790,126.82782360,2019-08-01
"공중화장실",종로프라자,경기도 안산시 단원구 광덕서로 54,경기도 안산시 단원구 고잔동 715-1,N,14,28,0,0,0,0,21,0,0,관리사무실,,00:00~24:00,,37.30943319,126.82732310,2019-08-01
"공중화장실",자유센타빌딩,경기도 안산시 단원구 화랑로 358,경기도 안산시 단원구 고잔동 518,N,14,35,0,0,0,0,21,0,0,관리사무실,,00:00~24:00,,37.32092254,126.82743700,2019-08-01
"공중화장실",창진타운,경기도 안산시 단원구 광덕대로 162,경기도 안산시 단원구 고잔동 771-1,N,4,6,0,0,0,0,4,0,0,관리사무실,,00:00~24:00,,37.31081497,126.83074290,2019-08-01
"공중화장실",크리스탈에이스프라자,경기도 안산시 단원구 광덕대로 142,경기도 안산시 단원구 고잔동 772-1,N,10,10,0,0,0,0,10,0,0,관리사무실,,00:00~24:00,,37.30900080,126.83060070,2019-08-01
"공중화장실",대림프라자,경기도 안산시 단원구 광덕1로 159,경기도 안산시 단원구 고잔동 718-5,N,14,21,7,7,0,0,14,7,0,관리사무실,,00:00~24:00,,37.30811930,126.82732030,2019-08-01
"공중화장실",고잔법조빌딩,경기도 안산시 단원구 광덕서로 62,경기도 안산시 단원구 고잔동 710-3,N,6,18,6,6,0,0,6,6,0,관리사무실,,00:00~24:00,,37.31021542,126.82740910,2019-08-01
"공중화장실",동남레이크빌2,경기도 안산시 단원구 광덕1로 165,경기도 안산시 단원구 고잔동 718-2,N,4,6,0,0,0,0,4,0,0,관리사무실,,00:00~24:00,,37.30834971,126.82821090,2019-08-01
"공중화장실",한국씨티은행,경기도 안산시 단원구 고잔로 59,경기도 안산시 단원구 고잔동 528-3,N,15,15,0,0,0,0,10,0,0,관리사무실,,00:00~24:00,,37.31946097,126.83310983,2019-08-01
"공중화장실",삼성생명,경기도 안산시 단원구 광덕대로 254,경기도 안산시 단원구 고잔동 529,N,17,18,0,0,0,0,17,0,0,관리사무실,,00:00~24:00,,37.31900923,126.83143510,2019-08-01
"공중화장실",서울프라자,경기도 안산시 단원구 삼일로 310,경기도 안산시 단원구 선부동 1077,N,57,72,0,0,0,0,57,0,0,관리사무실,,00:00~24:00,,37.33382796,126.81204990,2019-08-01
"공중화장실",신명트윈타워,경기도 안산시 단원구 원포공원1로 59,경기도 안산시 단원구 초지동 743-2,N,20,25,5,5,0,0,20,5,0,관리사무실,,00:00~24:00,,37.30242592,126.81120231,2019-08-01
"공중화장실",아이즈빌2오피스텔,경기도 안산시 단원구 고잔로 57-9,경기도 안산시 단원구 고잔동 527-3,N,6,6,0,0,0,0,6,0,0,관리소장,,00:00~24:00,,37.31993020,126.83212130,2019-08-01
"공중화장실",대유빌딩,경기도 안산시 단원구 고잔1길 17,경기도 안산시 단원구 고잔동 534-1,N,16,24,0,0,0,0,16,0,0,관리소장,,00:00~24:00,,37.31861920,126.83560712,2019-08-01
"공중화장실",골든에이스프라자,경기도 안산시 단원구 광덕대로 138,경기도 안산시 단원구 고잔동 772-2,N,14,14,0,0,0,0,14,0,0,관리소장,,00:00~24:00,,37.30870269,126.83060360,2019-08-01
"공중화장실",투원브레스빌,경기도 안산시 단원구 광덕대로 263,경기도 안산시 단원구 고잔동 523-2,N,6,10,1,1,0,0,7,1,0,관리소장,,00:00~24:00,,37.32000702,126.82983080,2019-08-01
"공중화장실",늘봄스위트빌,경기도 안산시 단원구 고잔로 18,경기도 안산시 단원구 고잔동 524,N,1,2,0,0,0,0,1,0,0,관리소장,,00:00~24:00,,37.31920570,126.82824200,2019-08-01
"공중화장실",상록타운,경기도 안산시 단원구 선부광장1로 38,경기도 안산시 단원구 선부동 1070-18,N,9,13,3,3,0,0,10,3,0,관리소장,,00:00~24:00,,37.33663844,126.80932330,2019-08-01
"공중화장실",대우프라자,경기도 안산시 단원구 광덕동로 39,경기도 안산시 단원구 고잔동 775-4,N,19,18,0,0,0,0,18,0,0,관리소장,,00:00~24:00,,37.30792268,126.83204710,2019-08-01
"공중화장실",교보생명,경기도 안산시 단원구 화랑로 366,경기도 안산시 단원구 고잔동 522,N,26,26,0,0,0,0,28,0,0,관리소장,,00:00~24:00,,37.32103293,126.82844930,2019-08-01
"공중화장실",기업은행안산중앙지점,경기도 안산시 단원구 적금로 126,경기도 안산시 단원구 고잔동 519,N,9,14,0,0,0,0,14,0,0,관리소장,,00:00~24:00,,37.31931960,126.82643690,2019-08-01
"공중화장실",신한은행(구국민은행),경기도 안산시 단원구 광덕대로 267,경기도 안산시 단원구 고잔동 523-1,N,8,9,1,1,0,0,11,1,0,관리소장,,00:00~24:00,,37.32045080,126.83000120,2019-08-01
"공중화장실",대우마이빌,경기도 안산시 단원구 고잔로 23-12,경기도 안산시 단원구 고잔동 523-6,N,2,5,0,0,0,0,3,0,0,관리소장,,00:00~24:00,,37.32050075,126.82930150,2019-08-01
"공중화장실",벨라지움오피스텔,경기도 안산시 단원구 화랑로 398,경기도 안산시 단원구 고잔동 527-1,N,1,3,1,1,0,0,2,1,0,관리소장,,00:00~24:00,,37.32072250,126.83201800,2019-08-01
"공중화장실",브라이튼오피스텔,경기도 안산시 상록구 광덕1로 354,경기도 안산시 상록구 이동 717-5,N,2,2,0,0,0,0,2,0,0,관리소장,,00:00~24:00,,37.30663753,126.84924030,2019-08-01
"공중화장실",국민은행,경기도 안산시 단원구 고잔로 64,경기도 안산시 단원구 고잔동 530,N,7,11,1,1,0,0,7,1,0,국민은행,,00:00~24:00,,37.31901402,126.83306790,2019-08-01
"공중화장실",반월농협 하나로마트,경기도 안산시 상록구 건건로 37,경기도 안산시 상록구 건건동 636-6,N,6,9,0,0,0,0,6,0,0,금융기관,,00:00~24:00,,37.30482177,126.90125780,2019-08-01
"공중화장실",서해주유소,경기도 안산시 단원구 시흥대로 10,경기도 안산시 단원구 선부동 64-2,N,2,2,0,0,0,0,2,0,0,김영기,,00:00~24:00,,37.34454064,126.79546881,2019-08-01
"공중화장실",다복주유소,경기도 안산시 단원구 시흥대로 128,경기도 안산시 단원구 선부동 187-3,N,2,2,0,0,0,0,2,0,0,김영종,,00:00~24:00,,37.35283809,126.80229063,2019-08-01
"공중화장실",(주)칠오와동주유소,경기도 안산시 단원구 순환로 375,경기도 안산시 단원구 와동 56,N,2,2,0,0,0,0,2,0,0,김형국,,00:00~24:00,,37.34451610,126.83168210,2019-08-01
"공중화장실",안산농협 하나로마트,경기도 안산시 상록구 예술광장로 75,경기도 안산시 상록구 성포동 593-1,N,8,12,0,0,0,0,8,0,0,농협,,00:00~24:00,,37.32750579,126.84432340,2019-08-01
"공중화장실",농협안산시지부,경기도 안산시 단원구 광덕대로 258,경기도 안산시 단원구 고잔동 527-5,N,9,12,0,0,0,0,9,0,0,농협안산시지부,,00:00~24:00,,37.31952310,126.83145795,2019-08-01
"공중화장실",군자농업협동조합,경기도 안산시 단원구 선부광장1로 88,경기도 안산시 단원구 선부동 1076-8,N,7,9,0,0,0,0,7,0,0,농협조합장,,00:00~24:00,,37.33481600,126.81278170,2019-08-01
"공중화장실",안산시건강가정지원센타,경기도 안산시 단원구 광덕2로 249,경기도 안산시 단원구 고잔동 766-1,N,2,2,1,1,0,0,2,1,0,단원구청장(주민복지과장),,00:00~24:00,,37.30954100,126.83821370,2019-08-01
"공중화장실",단원구청사,경기도 안산시 단원구 중앙대로 685,경기도 안산시 단원구 초지동 666-2,N,9,12,0,0,0,0,10,0,0,단원구청장(행정지원과장),,00:00~24:00,,37.31977853,126.81175480,2019-08-01
"공중화장실",단원보건소,경기도 안산시 단원구 화랑로 387,경기도 안산시 단원구 고잔동 515,N,6,10,4,4,0,0,11,2,1,단원보건소장(보건행정과장),,00:00~24:00,,37.32213116,126.83024270,2019-08-01
"공중화장실",으뜸재활의학병원,경기도 안산시 상록구 용신로 352,경기도 안산시 상록구 본오동 878-3,N,7,6,0,0,0,0,8,0,0,대선의료재단,,00:00~24:00,,37.30153418,126.86110490,2019-08-01
"공중화장실",루씨어린이집,경기도 안산시 상록구 각골로5안길 10-9,경기도 안산시 상록구 본오동 1138-1,N,0,0,0,0,0,0,0,0,0,루씨동창회,,00:00~24:00,,37.30004710,126.87512720,2019-08-01
"공중화장실",안산 문화예술의전당,경기도 안산시 단원구 적금로1길 11,경기도 안산시 단원구 고잔동 520-2,N,55,59,5,5,0,0,60,5,0,문화예술의전당관장,,00:00~24:00,,37.31825450,126.82732310,2019-08-01
"공중화장실",튼튼병원,경기도 안산시 상록구 도매시장로 2,경기도 안산시 상록구 이동 593,N,10,10,2,2,0,0,10,2,0,박진수,,00:00~24:00,,37.30770281,126.85673540,2019-08-01
"공중화장실",대상주유소,경기도 안산시 단원구 순환로 157,경기도 안산시 단원구 선부동 459-1,N,2,2,0,0,0,0,2,0,0,박진승,,00:00~24:00,,37.34980681,126.80871870,2019-08-01
"공중화장실",반월농업협동조합 안산지점,경기도 안산시 상록구 용신로 347,경기도 안산시 상록구 본오동 877-13,N,6,9,0,0,0,0,6,0,0,반월농협,,00:00~24:00,,37.30213920,126.86064290,2019-08-01
"공중화장실",반월동주민센터,경기도 안산시 상록구 건건로 51,경기도 안산시 상록구 건건동 641-2,N,6,9,0,0,0,0,9,0,0,반월동장,,00:00~24:00,,37.30605154,126.90216760,2019-08-01
"공중화장실",수원지방법원 안산지점,경기도 안산시 단원구 광덕서로 73,경기도 안산시 단원구 고잔동 711,N,44,54,20,20,0,0,44,10,0,법무부,,00:00~24:00,,37.31102803,126.82610740,2019-08-01
"공중화장실",온누리병원,경기도 안산시 단원구 선부로 201,경기도 안산시 단원구 선부동 1087-27,N,17,32,7,7,0,0,25,7,0,병원장,,00:00~24:00,,37.34193489,126.81751361,2019-08-01
"공중화장실",한도병원,경기도 안산시 단원구 선부광장로 103,경기도 안산시 단원구 선부동 1071-1,N,17,31,1,1,0,0,35,1,0,병원장,,00:00~24:00,,37.33401800,126.80761370,2019-08-01
"공중화장실",안산세화병원,경기도 안산시 상록구 용신로 355,경기도 안산시 상록구 본오동 877-11,N,11,13,0,0,0,0,15,0,0,병원장,,00:00~24:00,,37.30200730,126.86152130,2019-08-01
"공중화장실",두손병원,경기도 안산시 단원구 선부광장1로 114,경기도 안산시 단원구 선부동 1077-4,N,12,12,0,0,0,0,12,0,0,병원장,,00:00~24:00,,37.33287330,126.81238030,2019-08-01
"공중화장실",고려대학교병원,경기도 안산시 단원구 적금로 123,경기도 안산시 단원구 고잔동 516,N,31,37,5,5,0,0,31,2,0,병원장,,00:00~24:00,,37.31885818,126.82499732,2019-08-01
"공중화장실",안산시립노인전문병원,경기도 안산시 상록구 차돌배기로 24,경기도 안산시 상록구 사동 1586,N,12,12,0,0,0,0,24,0,0,병원장,,00:00~24:00,,37.29967390,126.84613780,2019-08-01
"공중화장실",단원종합병원,경기도 안산시 단원구 원포공원1로 20,경기도 안산시 단원구 초지동 745-2,N,5,6,4,4,0,0,8,4,0,병원장,,00:00~24:00,,37.30023566,126.81321760,2019-08-01
"공중화장실",안산중앙병원,경기도 안산시 상록구 구룡로 87,경기도 안산시 상록구 일동 95,N,91,52,1,1,0,0,91,1,0,병원장,,00:00~24:00,,37.31753352,126.87457607,2019-08-01
"공중화장실",동의성단원병원,경기도 안산시 단원구 원포공원1로 20,경기도 안산시 단원구 초지동 745-2,N,12,12,0,0,0,0,14,0,0,병원장,,00:00~24:00,,37.30023566,126.81321760,2019-08-01
"공중화장실",본오1동 주민센터,경기도 안산시 상록구 샘골로 16,경기도 안산시 상록구 본오동 990,N,4,4,8,8,0,0,8,4,0,본오1동장,,00:00~24:00,,37.28510646,126.86425082,2019-08-01
"공중화장실",본오1동주민센터,경기도 안산시 상록구 오목로7길 15,경기도 안산시 상록구 본오동 920,N,2,4,0,0,0,0,4,0,0,본오1동장,,00:00~24:00,,37.28922510,126.86450498,2019-08-01
"공중화장실",본오2동주민센터,경기도 안산시 상록구 각골로 75,경기도 안산시 상록구 본오동 796-4,N,4,3,0,0,0,0,5,0,0,본오2동장,,00:00~24:00,,37.29629904,126.87224738,2019-08-01
"공중화장실",본오3동주민센터,경기도 안산시 상록구 용신로 376,경기도 안산시 상록구 본오동 873,N,6,6,2,2,0,0,6,1,0,본오3동장,,00:00~24:00,,37.30141920,126.86380080,2019-08-01
"공중화장실",부곡동주민센터,경기도 안산시 상록구 성호로 326,경기도 안산시 상록구 부곡동 671-4,N,6,9,3,3,0,0,9,3,0,부곡동장,,00:00~24:00,,37.33167178,126.86106010,2019-08-01
"공중화장실",사1동주민센터,경기도 안산시 상록구 석호로 171,경기도 안산시 상록구 사동 1304,N,3,6,0,0,0,0,6,0,0,사1동장,,00:00~24:00,,37.29710682,126.85100520,2019-08-01
"공중화장실",사2동주민센터,경기도 안산시 상록구 감골1로 52,경기도 안산시 상록구 사동 1344-5,N,4,4,2,2,0,0,6,2,0,사2동장,,00:00~24:00,,37.28980946,126.85182310,2019-08-01
"공중화장실",사3동 주민센터,경기도 안산시 상록구 해양로 8,경기도 안산시 상록구 사동 1511-1,N,4,7,2,2,0,0,12,1,0,사3동장,,00:00~24:00,,37.29473547,126.82005023,2019-08-01
"공중화장실",삼성화재,경기도 안산시 단원구 광덕대로 259,경기도 안산시 단원구 고잔동 523-3,N,19,20,1,1,0,0,24,1,0,삼성화재,,00:00~24:00,,37.31961950,126.82981280,2019-08-01
"공중화장실",안산주유소(삼원기업),경기도 안산시 단원구 목내로 45,경기도 안산시 단원구 목내동 489-6,N,2,2,0,0,0,0,1,0,0,삼원기업,,00:00~24:00,,37.30401305,126.77222549,2019-08-01
"공중화장실",퍼스트빌,경기도 안산시 단원구 광덕대로 155,경기도 안산시 단원구 고잔동 708-1,N,8,6,0,0,0,0,8,0,0,상가번영회,,00:00~24:00,,37.31042799,126.82901810,2019-08-01
"공중화장실",폴리타운B동,경기도 안산시 단원구 광덕대로 130,경기도 안산시 단원구 고잔동 775,N,16,16,0,0,0,0,16,0,0,상가번영회,,00:00~24:00,,37.30811527,126.83060280,2019-08-01
"공중화장실",일성빌딩,경기도 안산시 단원구 선부광장1로 56,경기도 안산시 단원구 선부동 1076-1,N,22,21,0,0,0,0,21,0,0,상가번영회,,00:00~24:00,,37.33655410,126.81071410,2019-08-01
"공중화장실","로데오타운A동,B동",경기도 안산시 단원구 광덕대로 154,경기도 안산시 단원구 고잔동 771-3,N,16,18,0,0,0,0,18,0,0,상가번영회,,00:00~24:00,,37.31013090,126.83072630,2019-08-01
"공중화장실",군자포커스프라자,경기도 안산시 단원구 화랑로 32,경기도 안산시 단원구 원곡동 762,N,20,28,1,1,0,0,20,0,0,상가번영회,,00:00~24:00,,37.33153010,126.79595040,2019-08-01
"공중화장실",현대타운,경기도 안산시 단원구 광덕동로 99,경기도 안산시 단원구 고잔동 727-2,N,12,24,0,0,0,0,18,0,0,상가번영회,,00:00~24:00,,37.31325020,126.83262850,2019-08-01
"공중화장실",선부프라자빌딩,경기도 안산시 단원구 선부광장1로 162,경기도 안산시 단원구 선부동 1071-8,N,11,12,0,0,0,0,9,0,0,상가번영회,,00:00~24:00,,37.33261960,126.80813750,2019-08-01
"공중화장실",본오프라자1차(본오아파트상가),경기도 안산시 상록구 선진로 106,경기도 안산시 상록구 사동 1506,N,18,18,0,0,0,0,18,0,0,상가번영회,,00:00~24:00,,37.28003979,126.85282610,2019-08-01
"공중화장실",본오프라자2차(본오2차아파트상가),경기도 안산시 상록구 선진로 112,경기도 안산시 상록구 사동 1505,N,6,6,1,1,0,0,6,1,0,상가번영회,,00:00~24:00,,37.28067024,126.85260840,2019-08-01
"공중화장실",대우프라자,경기도 안산시 단원구 광덕동로 39,경기도 안산시 단원구 고잔동 775-4,N,18,18,0,0,0,0,18,0,0,상가번영회,,00:00~24:00,,37.30792268,126.83204710,2019-08-01
"공중화장실",화승타운,경기도 안산시 단원구 광덕3로 178,경기도 안산시 단원구 고잔동 768-2,N,42,70,0,0,0,0,42,0,0,상가번영회,,00:00~24:00,,37.31201560,126.83234420,2019-08-01
"공중화장실",시티프라자,경기도 안산시 단원구 광덕동로 91,경기도 안산시 단원구 고잔동 727-4,N,10,10,0,0,0,0,15,0,0,상가번영회,,00:00~24:00,,37.31260900,126.83252140,2019-08-01
"공중화장실",스타프라자,경기도 안산시 단원구 광덕2로 155-4,경기도 안산시 단원구 고잔동 709-8,N,8,8,0,0,0,0,8,0,0,상가번영회,,00:00~24:00,,37.31020740,126.82790509,2019-08-01
"공중화장실",드림프라자,경기도 안산시 단원구 광덕동로 81,경기도 안산시 단원구 고잔동 768-3,N,20,1,0,0,0,0,20,0,0,상가번영회,,00:00~24:00,,37.31164720,126.83244240,2019-08-01
"공중화장실",폴리타운A동,경기도 안산시 단원구 광덕대로 130,경기도 안산시 단원구 고잔동 775,N,16,16,0,0,0,0,16,0,0,상가번영회,,00:00~24:00,,37.30811527,126.83060280,2019-08-01
"공중화장실",군자빌딩,경기도 안산시 단원구 선부광장1로 70,경기도 안산시 단원구 선부동 1076-4,N,16,17,0,0,0,0,17,0,0,상가번영회,,00:00~24:00,,37.33590130,126.81192960,2019-08-01
"공중화장실",메디프라자,경기도 안산시 단원구 광덕1로 63,경기도 안산시 단원구 초지동 729-2,N,10,15,0,0,0,0,10,0,0,상가번영회,,00:00~24:00,,37.30873720,126.81670130,2019-08-01
"공중화장실",서해프라자,경기도 안산시 단원구 원포공원1로 30,경기도 안산시 단원구 초지동 745,N,28,40,4,4,0,0,28,4,0,상가번영회,,00:00~24:00,,37.30115590,126.81330660,2019-08-01
"공중화장실",안산상공회의소,경기도 안산시 단원구 적금로 120,경기도 안산시 단원구 고잔동 519-1,N,10,14,0,0,0,0,10,0,0,상공회의소,,00:00~24:00,,37.31890130,126.82640510,2019-08-01
"공중화장실",본오지구대,경기도 안산시 상록구 상록수로 12,경기도 안산시 상록구 본오동 877-3,N,2,2,0,0,0,0,1,0,0,상록경찰서,,00:00~24:00,,37.30260150,126.86121350,2019-08-01
"공중화장실",상록구청사,경기도 안산시 상록구 석호로 110,경기도 안산시 상록구 사동 1585,N,17,20,5,5,7,0,30,1,6,상록구청장(행정지원과장),,00:00~24:00,,37.30133576,126.84640964,2019-08-01
"공중화장실",상록구청사,경기도 안산시 상록구 항가울로 222,경기도 안산시 상록구 사동 1584,N,6,8,1,1,0,0,6,1,0,상록구청장(행정지원과장),,00:00~24:00,,37.30049317,126.84424580,2019-08-01
"공중화장실",상록수보건소,경기도 안산시 상록구 항가울로 222,경기도 안산시 상록구 사동 1584,N,6,6,0,0,0,0,10,0,0,상록수보건소장(보건행정과장),,00:00~24:00,,37.30049317,126.84424580,2019-08-01
"공중화장실",선부1동주민센터,경기도 안산시 단원구 선부광장서로 47,경기도 안산시 단원구 선부동 964-4,N,1,3,1,1,0,0,2,1,0,선부1동장,,00:00~24:00,,37.33430926,126.80440950,2019-08-01
"공중화장실",선부2동주민센터,경기도 안산시 단원구 지곡로 46,경기도 안산시 단원구 선부동 997-2,N,5,5,1,1,0,0,5,1,0,선부2동장,,00:00~24:00,,37.33836142,126.80291990,2019-08-01
"공중화장실",선부3동주민센터,경기도 안산시 단원구 선삼로 47,경기도 안산시 단원구 선부동 1135,N,5,5,1,1,0,0,5,1,0,선부3동장,,00:00~24:00,,37.34504828,126.81254490,2019-08-01
"공중화장실",청소년수련원,경기도 안산시 단원구 풍전로 62,경기도 안산시 단원구 원곡동 999,N,25,25,0,0,0,0,46,0,0,성락교회,,00:00~24:00,,37.32245997,126.79440946,2019-08-01
"공중화장실",성포동주민센터,경기도 안산시 상록구 충장로 468,경기도 안산시 상록구 성포동 585,N,3,3,2,2,0,0,3,1,0,성포동장,,00:00~24:00,,37.32069748,126.84944798,2019-08-01
"공중화장실",안산소방서선부119안전센터,경기도 안산시 단원구 선부광장서로 43,경기도 안산시 단원구 선부동 964-5,N,2,2,0,0,0,0,0,0,0,소방서장,,00:00~24:00,,37.33390970,126.80438790,2019-08-01
"공중화장실",안산소방서고잔119안전센터,경기도 안산시 단원구 화랑로 387,경기도 안산시 단원구 고잔동 515,N,6,9,0,0,0,0,6,0,0,소방서장,,00:00~24:00,,37.32213116,126.83024270,2019-08-01
"공중화장실",2001아울렛A관,경기도 안산시 단원구 광덕대로 194,경기도 안산시 단원구 고잔동 725-1,N,20,28,0,0,0,0,20,0,0,스타맥스분양자협의회,,00:00~24:00,,37.31342070,126.83100590,2019-08-01
"공중화장실",신길충전소,경기도 안산시 단원구 중앙대로 179,경기도 안산시 단원구 신길동 216-269,N,2,2,0,0,0,0,2,0,0,신길충전소,,00:00~24:00,,37.33435973,126.76123760,2019-08-01
"공중화장실",두성타워빌,경기도 안산시 단원구 광덕서로 100,경기도 안산시 단원구 고잔동 704-2,N,3,4,1,1,0,0,3,1,0,신동영,,00:00~24:00,,37.31350760,126.82763480,2019-08-01
"공중화장실",신양타운,경기도 안산시 단원구 광덕대로 193,경기도 안산시 단원구 고잔동 706-1,N,16,38,8,8,0,0,24,8,0,신명타워분양자회,,00:00~24:00,,37.31382596,126.82932590,2019-08-01
"공중화장실",엔타운프라자,경기도 안산시 상록구 광덕1로 385,경기도 안산시 상록구 이동 715,N,8,8,4,4,0,0,8,8,0,신성종합관리㈜,,00:00~24:00,,37.30905191,126.85181030,2019-08-01
"공중화장실",신안산주유소,경기도 안산시 단원구 고잔로 86,경기도 안산시 단원구 고잔동 534,N,2,3,0,0,0,0,1,0,0,신안산주유소,,00:00~24:00,,37.31896336,126.83551169,2019-08-01
"공중화장실",신한은행,경기도 안산시 단원구 당곡로 17,경기도 안산시 단원구 고잔동 530-1,N,6,8,1,1,0,0,7,1,0,신한은행지점장,,00:00~24:00,,37.31860677,126.83308340,2019-08-01
"공중화장실",안산터미널주유소(씨엔에스),경기도 안산시 상록구 충장로 427,경기도 안산시 상록구 성포동 590,N,2,2,0,0,0,0,2,0,0,씨엔에스에너지주유소,,00:00~24:00,,37.31678993,126.84892330,2019-08-01
"공중화장실",제8주구(근로자)운동장,경기도 안산시 단원구 부부로 98,경기도 안산시 단원구 원곡동 946,N,4,9,1,1,0,0,10,1,0,안산도시공사장,,00:00~24:00,,37.33701330,126.79160590,2019-08-01
"공중화장실",시낭운동장,경기도 안산시 상록구 시낭로 45,경기도 안산시 상록구 부곡동 719-1,N,6,16,2,2,0,0,12,2,0,안산도시공사장,,00:00~24:00,,37.33410864,126.85537310,2019-08-01
"공중화장실",탄도항 공중화장실,경기도 안산시 단원구 대부황금로 5-14,경기도 안산시 단원구 선감동 717-2,N,2,3,1,1,0,0,8,1,0,안산도시공사장,,00:00~24:00,,37.19156347,126.64616850,2019-08-01
"공중화장실",시민공원눈썰매장,경기도 안산시 단원구 동산로 181,경기도 안산시 단원구 원곡동 735,N,7,9,1,1,0,0,11,1,0,안산도시공사장,,00:00~24:00,,37.32039940,126.80348127,2019-08-01
"공중화장실",부곡공원 생활체육관,경기도 안산시 상록구 정재로 62,경기도 안산시 상록구 부곡동 산40-5,N,2,1,1,1,0,0,2,0,0,안산도시공사장,,00:00~24:00,,37.33280790,126.86801950,2019-08-01
"공중화장실",사리운동장,경기도 안산시 상록구 충장로 50,경기도 안산시 상록구 본오동 산98-1,N,1,1,0,0,0,0,1,0,0,안산도시공사장,,00:00~24:00,,37.28592700,126.85709980,2019-08-01
"공중화장실",성호공원운동장(2구역),경기도 안산시 상록구 성호로 285,경기도 안산시 상록구 부곡동 711,N,2,2,0,0,0,0,4,0,0,안산도시공사장,,00:00~24:00,,37.32864876,126.85867530,2019-08-01
"공중화장실",제4주구(능안운동장),경기도 안산시 단원구 능안로 39-26,경기도 안산시 단원구 목내동 472,N,4,10,1,1,0,0,10,1,0,안산도시공사장,,00:00~24:00,,37.31985832,126.77489887,2019-08-01
"공중화장실",어촌민속박물관,경기도 안산시 단원구 대부황금로 7,경기도 안산시 단원구 선감동 717,N,4,8,1,1,1,0,9,1,1,안산도시공사장,,00:00~24:00,,37.19250762,126.64612300,2019-08-01
"공중화장실",누에섬 등대,경기도 안산시 단원구 대부황금로 17-156,경기도 안산시 단원구 선감동 산170,N,2,4,0,0,0,0,3,0,0,안산도시공사장,,00:00~24:00,,37.18663140,126.63147883,2019-08-01
"공중화장실",제3주구(골안말야구장),경기도 안산시 단원구 신원로 301-15,경기도 안산시 단원구 목내동 451,N,1,1,0,0,0,0,2,0,0,안산도시공사장,,00:00~24:00,,37.31136392,126.76955913,2019-08-01
"공중화장실",와스타디움,경기도 안산시 단원구 화랑로 260,경기도 안산시 단원구 초지동 666,N,93,294,0,0,0,0,151,0,0,안산도시공사장,,00:00~24:00,,37.31947602,126.81649389,2019-08-01
"공중화장실",관산체육관,경기도 안산시 단원구 원선로 93,경기도 안산시 단원구 원곡동 936,N,2,2,2,2,0,0,2,1,0,안산도시공사장,,00:00~24:00,,37.33201952,126.80156580,2019-08-01
"공중화장실",시립테니스장,경기도 안산시 단원구 적금로 9,경기도 안산시 단원구 고잔동 713-3,N,2,3,0,0,0,0,3,0,0,안산도시공사장,,00:00~24:00,,37.30907594,126.82456260,2019-08-01
"공중화장실",탄도항 공중화장실,경기도 안산시 단원구 대부황금로 5-20,경기도 안산시 단원구 선감동 717-3,N,2,3,0,0,1,0,9,0,0,안산도시공사장,,00:00~24:00,,37.19114962,126.64638220,2019-08-01
"공중화장실",화랑오토캠핑장,경기도 안산시 단원구 동산로 268,경기도 안산시 단원구 초지동 667,N,6,8,4,4,2,0,14,2,2,안산도시공사장,,00:00~24:00,,37.32567447,126.81377096,2019-08-01
"공중화장실",와동체육관,경기도 안산시 단원구 화정천동로 396,경기도 안산시 단원구 와동 813,N,4,8,0,0,0,0,11,0,0,안산도시공사장,,00:00~24:00,,37.34002690,126.81893660,2019-08-01
"공중화장실",안산시 배드민턴전용경기장(오른쪽 여자),경기도 안산시 단원구 순환로 416,경기도 안산시 단원구 와동 95-3,N,4,8,2,2,0,0,5,2,0,안산도시공사장,,00:00~24:00,,37.34360739,126.83481694,2019-08-01
"공중화장실",구룡운동장,경기도 안산시 상록구 구룡체육관로 21,경기도 안산시 상록구 이동 609-3,N,1,2,0,0,0,0,3,0,0,안산도시공사장,,00:00~24:00,,37.30822270,126.86051250,2019-08-01
"공중화장실",감골시민홀,경기도 안산시 상록구 석호로 226,경기도 안산시 상록구 사동 1342,N,12,20,0,0,0,0,24,0,0,안산도시공사장,,00:00~24:00,,37.29331400,126.85536700,2019-08-01
"공중화장실",올림픽기념관,경기도 안산시 단원구 적금로 202,경기도 안산시 단원구 고잔동 604,N,24,35,3,3,0,0,32,3,0,안산도시공사장,,00:00~24:00,,37.32628736,126.82818894,2019-08-01
"공중화장실",안골운동장,경기도 안산시 상록구 광덕1로 350,경기도 안산시 상록구 이동 720,N,1,1,0,0,0,0,2,0,0,안산도시공사장,,00:00~24:00,,37.30640080,126.84880070,2019-08-01
"공중화장실",시민시장(우),경기도 안산시 단원구 화랑로 149,경기도 안산시 단원구 초지동 604-4,N,3,5,0,0,0,0,5,0,0,안산도시공사장,,00:00~24:00,,37.32537215,126.80508852,2019-08-01
"공중화장실",시민시장(좌),경기도 안산시 단원구 화랑로 149,경기도 안산시 단원구 초지동 604-4,N,3,5,0,0,0,0,5,0,0,안산도시공사장,,00:00~24:00,,37.32537215,126.80508852,2019-08-01
"공중화장실",시민시장(중앙),경기도 안산시 단원구 화랑로 149,경기도 안산시 단원구 초지동 604-4,N,2,5,1,1,0,0,3,1,0,안산도시공사장,,00:00~24:00,,37.32537215,126.80508852,2019-08-01
"공중화장실",감골운동장,경기도 안산시 상록구 석호로 226,경기도 안산시 상록구 사동 1342,N,2,0,0,0,3,0,2,0,0,안산도시공사장,,00:00~24:00,,37.29331400,126.85536700,2019-08-01
"공중화장실",올림픽수영장,경기도 안산시 단원구 적금로 202,경기도 안산시 단원구 고잔동 604,N,6,7,1,1,0,0,5,1,0,안산도시공사장,,00:00~24:00,,37.32628736,126.82818894,2019-08-01
"공중화장실",초지임시운동장,경기도 안산시 단원구 화랑로 260,경기도 안산시 단원구 초지동 666,N,1,1,0,0,0,0,2,0,0,안산도시공사장,,00:00~24:00,,37.31947602,126.81649389,2019-08-01
"공중화장실",구룡체육관,경기도 안산시 상록구 구룡체육관로 21,경기도 안산시 상록구 이동 609-3,N,2,2,1,1,0,0,2,1,0,안산도시공사장,,00:00~24:00,,37.30822270,126.86051250,2019-08-01
"공중화장실",안산동주민센터,경기도 안산시 상록구 장하로 315,경기도 안산시 상록구 수암동 506,N,13,10,2,2,0,0,17,2,0,안산동장,,00:00~24:00,,37.36186260,126.87335091,2019-08-01
"공중화장실",안산세관,경기도 안산시 단원구 선부광장1로 158,경기도 안산시 단원구 선부동 1072-2,N,6,5,1,1,0,0,5,1,0,안산세관,,00:00~24:00,,37.33243150,126.80862610,2019-08-01
"공중화장실",농수산물도매시장,경기도 안산시 상록구 충장로 312,경기도 안산시 상록구 이동 528,N,43,56,0,0,0,0,39,0,0,안산시농수산물도매시장관리사무소장,,00:00~24:00,,37.30866153,126.85673650,2019-08-01
"공중화장실",안산시상하수도사업소,경기도 안산시 단원구 고잔로 27,경기도 안산시 단원구 고잔동 523-4,N,15,15,1,1,0,0,30,1,0,안산시상하수도사업소장(수도행정과장),,00:00~24:00,,37.31992660,126.82921060,2019-08-01
"공중화장실",안산정수장,경기도 안산시 단원구 예술대학로5길 46,경기도 안산시 단원구 고잔동 산6,N,3,3,0,0,0,0,3,0,0,안산시상하수도사업소장(정수과장),,00:00~24:00,,37.33238720,126.83440821,2019-08-01
"공중화장실",여성비전센터,경기도 안산시 단원구 고잔로 28,경기도 안산시 단원구 고잔동 525,N,4,8,0,0,0,0,15,0,0,안산시여성비전센터장,,00:00~24:00,,37.31911391,126.82920691,2019-08-01
"공중화장실",안산글로벌다문화센터,경기도 안산시 단원구 화정로 26,경기도 안산시 단원구 초지동 667-2,N,8,8,8,8,0,0,20,4,0,안산시외국인주민센터,,00:00~24:00,,37.33116969,126.81532880,2019-08-01
"공중화장실",외국인주민센터,경기도 안산시 단원구 부부로 43,경기도 안산시 단원구 원곡동 991-1,N,7,7,3,3,0,0,14,3,0,안산시외국인주민센터소장,,00:00~24:00,,37.33243625,126.79034269,2019-08-01
"공중화장실",안산시립노인요양원,경기도 안산시 상록구 차돌배기로 24,경기도 안산시 상록구 사동 1586,N,3,3,0,0,0,0,3,0,0,안산시,,00:00~24:00,,37.29967390,126.84613780,2019-08-01
"공중화장실",용신평생교육원,경기도 안산시 단원구 다문화길 16,경기도 안산시 단원구 원곡동 795,N,3,2,1,1,0,0,3,1,0,안산시,,00:00~24:00,,37.32940760,126.79060375,2019-08-01
"공중화장실",대부도 관광안내소,경기도 안산시 단원구 대부황금로 1531,경기도 안산시 단원구 대부북동 1985,N,1,1,1,1,0,0,2,1,0,안산시,,00:00~24:00,,37.28989213,126.57794510,2019-08-01
"공중화장실",교통안전체험교육장,경기도 안산시 상록구 석호공원로 1,경기도 안산시 상록구 사동 1583,N,2,3,2,2,1,0,2,1,3,안산시,,00:00~24:00,,37.30239900,126.84396222,2019-08-01
"공중화장실",안산문화원,경기도 안산시 상록구 용신로 236-1,경기도 안산시 상록구 사동 1186-1,N,3,8,3,3,0,0,6,3,0,안산시,,00:00~24:00,,37.30310817,126.84851430,2019-08-01
"공중화장실",최용신기념관,경기도 안산시 상록구 샘골서길 64,경기도 안산시 상록구 본오동 879-4,N,2,2,2,2,0,0,2,2,0,안산시,,00:00~24:00,,37.29960480,126.86273170,2019-08-01
"공중화장실",초지종합사회복지관,경기도 안산시 단원구 원초로 76,경기도 안산시 단원구 초지동 604-3,N,10,14,4,4,0,0,10,4,0,안산시,,00:00~24:00,,37.32622777,126.80594740,2019-08-01
"공중화장실",부곡종합사회복지관,경기도 안산시 상록구 성호로 285,경기도 안산시 상록구 부곡동 711,N,15,7,3,3,0,0,15,3,0,안산시,,00:00~24:00,,37.32864876,126.85867530,2019-08-01
"공중화장실",본오종합복지관,경기도 안산시 상록구 이호로 39,경기도 안산시 상록구 본오동 523-1,N,12,6,0,0,0,0,9,0,0,안산시,,00:00~24:00,,37.28741370,126.86127550,2019-08-01
"공중화장실",군자사회복지관,경기도 안산시 단원구 화정로 9 (선부동),"경기도 안산시 단원구 선부동 1079,주공13,14단지아파트",N,4,5,0,0,0,0,4,0,0,안산시,,00:00~24:00,,37.33339130,126.81402720,2019-08-01
"공중화장실",상록구노인복지회관,경기도 안산시 상록구 고잔로 162,경기도 안산시 상록구 성포동 589,N,6,8,1,1,0,0,6,1,0,안산시,,00:00~24:00,,37.31843600,126.84430200,2019-08-01
"공중화장실",단원구노인복지회관,경기도 안산시 단원구 선부광장1로 134,경기도 안산시 단원구 선부동 1077-9,N,5,20,5,5,0,0,15,0,0,안산시,,00:00~24:00,,37.33226854,126.81058410,2019-08-01
"공중화장실",사동복지관,경기도 안산시 상록구 한양대학로 31,경기도 안산시 상록구 사동 1171,N,3,3,1,1,0,0,3,1,0,안산시,,00:00~24:00,,37.30090607,126.84035910,2019-08-01
"공중화장실",장애인종합복지관,경기도 안산시 단원구 원초로 80,경기도 안산시 단원구 초지동 604-10,N,4,0,4,4,0,0,4,4,0,안산시,,00:00~24:00,,37.32590710,126.80658310,2019-08-01
"공중화장실",둔배미공원,경기도 안산시 단원구 화정천서로 157,경기도 안산시 단원구 초지동 723,N,3,3,0,0,0,0,6,0,0,안산시,,00:00~24:00,,37.31170382,126.82009100,2019-08-01
"공중화장실",고잔공원,경기도 안산시 단원구 광덕2로 112,경기도 안산시 단원구 고잔동 713-1,N,3,3,1,1,0,0,6,1,0,안산시,,00:00~24:00,,37.30981496,126.82285670,2019-08-01
"공중화장실",성호공원(1구역),경기도 안산시 상록구 성호로 285,경기도 안산시 상록구 부곡동 711,N,3,2,0,0,0,0,3,0,0,안산시,,00:00~24:00,,37.32864876,126.85867530,2019-08-01
"공중화장실",성호공원(3구역)호동초맞은편,경기도 안산시 상록구 웃말1안길 48,경기도 안산시 상록구 일동 620,N,1,2,0,0,0,0,2,1,0,안산시,,00:00~24:00,,37.30870520,126.86921290,2019-08-01
"공중화장실",화랑유원지E,경기도 안산시 단원구 동산로 268,경기도 안산시 단원구 초지동 667,N,2,3,0,0,1,0,2,0,0,안산시,,00:00~24:00,,37.32567447,126.81377096,2019-08-01
"공중화장실",성호공원(1구역),경기도 안산시 상록구 성호로 285,경기도 안산시 상록구 부곡동 711,N,4,5,0,0,0,0,7,0,0,안산시,,00:00~24:00,,37.32864876,126.85867530,2019-08-01
"공중화장실",성호공원(2구역),경기도 안산시 상록구 성호로 285,경기도 안산시 상록구 부곡동 711,N,1,1,0,0,0,0,2,0,0,안산시,,00:00~24:00,,37.32864876,126.85867530,2019-08-01
"공중화장실",관산공원,경기도 안산시 단원구 관산길 29,경기도 안산시 단원구 원곡동 936-9,N,1,1,0,0,0,0,2,0,0,안산시,,00:00~24:00,,37.33214233,126.79957270,2019-08-01
"공중화장실",성호공원(1구역관리사),경기도 안산시 상록구 성호로 333,경기도 안산시 상록구 부곡동 709-2,N,2,4,0,0,0,0,4,0,0,안산시,,00:00~24:00,,37.33263860,126.86085160,2019-08-01
"공중화장실",성호공원(2구역관리사),경기도 안산시 상록구 성호로 285,경기도 안산시 상록구 부곡동 711,N,4,5,1,1,1,0,6,1,1,안산시,,00:00~24:00,,37.32864876,126.85867530,2019-08-01
"공중화장실",성호공원2구역(부곡동급수시설앞),경기도 안산시 상록구 성호로 285,경기도 안산시 상록구 부곡동 711,N,2,4,0,0,0,0,3,0,0,안산시,,00:00~24:00,,37.32864876,126.85867530,2019-08-01
"공중화장실",22근린공원,경기도 안산시 단원구 초지로 188,경기도 안산시 단원구 초지동 696,N,2,2,1,1,0,0,3,0,0,안산시,,00:00~24:00,,37.31550738,126.81570915,2019-08-01
"공중화장실",공단전망대,경기도 안산시 단원구 범지기로141번길 118,경기도 안산시 단원구 초지동 산37,N,1,1,0,0,0,0,1,0,0,안산시,,00:00~24:00,,37.31020437,126.80195111,2019-08-01
"공중화장실",화랑유원지관리실,경기도 안산시 단원구 동산로 268,경기도 안산시 단원구 초지동 667,N,4,4,0,0,0,0,5,0,0,안산시,,00:00~24:00,,37.32567447,126.81377096,2019-08-01
"공중화장실",화랑유원지A,경기도 안산시 단원구 동산로 268,경기도 안산시 단원구 초지동 667,N,3,3,2,2,0,0,7,1,0,안산시,,00:00~24:00,,37.32567447,126.81377096,2019-08-01
"공중화장실",화랑유원지B,경기도 안산시 단원구 동산로 268,경기도 안산시 단원구 초지동 667,N,5,5,1,1,1,0,10,1,0,안산시,,00:00~24:00,,37.32567447,126.81377096,2019-08-01
"공중화장실",화랑유원지C,경기도 안산시 단원구 동산로 268,경기도 안산시 단원구 초지동 667,N,5,5,2,2,0,0,10,1,0,안산시,,00:00~24:00,,37.32567447,126.81377096,2019-08-01
"공중화장실",화랑유원지D,경기도 안산시 단원구 동산로 268,경기도 안산시 단원구 초지동 667,N,3,3,2,2,0,0,6,1,0,안산시,,00:00~24:00,,37.32567447,126.81377096,2019-08-01
"공중화장실",화랑유원지F,경기도 안산시 단원구 동산로 268,경기도 안산시 단원구 초지동 667,N,2,3,0,0,1,0,2,0,0,안산시,,00:00~24:00,,37.32567447,126.81377096,2019-08-01
"공중화장실",상록수공원,경기도 안산시 상록구 샘골서길 64,경기도 안산시 상록구 본오동 879-4,N,4,6,2,2,0,0,6,1,0,안산시,,00:00~24:00,,37.29960480,126.86273170,2019-08-01
"공중화장실",석호공원(관리소),경기도 안산시 상록구 석호공원로 1,경기도 안산시 상록구 사동 1583,N,3,3,1,1,0,0,6,1,0,안산시,,00:00~24:00,,37.30239900,126.84396222,2019-08-01
"공중화장실",노적봉공원(수련관야외무대옆),경기도 안산시 상록구 삼일로 696,경기도 안산시 상록구 성포동 214-1,N,3,5,2,2,0,0,5,1,0,안산시,,00:00~24:00,,37.32625264,126.85326856,2019-08-01
"공중화장실",노적봉공원(자연체험학습장),경기도 안산시 상록구 삼일로 696,경기도 안산시 상록구 성포동 214-1,N,0,1,0,0,0,0,1,0,0,안산시,,00:00~24:00,,37.32625264,126.85326856,2019-08-01
"공중화장실",와동공원2,경기도 안산시 단원구 와동공원로 109,경기도 안산시 단원구 와동 813-1,N,1,1,0,0,0,0,1,0,0,안산시,,00:00~24:00,,37.34001816,126.82030337,2019-08-01
"공중화장실",성호공원(2구역)이동기념관옆,경기도 안산시 상록구 안산대학로 114,경기도 안산시 상록구 일동 615,N,2,4,0,0,0,0,3,0,0,안산시,,00:00~24:00,,37.30992279,126.87034730,2019-08-01
"공중화장실",성호공원(2구역)이동식물원옆,경기도 안산시 상록구 안산대학로 114,경기도 안산시 상록구 일동 615,N,3,7,0,0,0,0,8,0,0,안산시,,00:00~24:00,,37.30992279,126.87034730,2019-08-01
"공중화장실",성어공원,경기도 안산시 상록구 고잔로 162,경기도 안산시 상록구 성포동 589,N,1,0,0,0,0,0,1,0,0,안산시,,00:00~24:00,,37.31843600,126.84430200,2019-08-01
"공중화장실",와동공원1,경기도 안산시 단원구 와동공원로 109,경기도 안산시 단원구 와동 813-1,N,3,3,1,1,0,0,6,1,0,안산시,,00:00~24:00,,37.34001816,126.82030337,2019-08-01
"공중화장실",반월공원,경기도 안산시 상록구 오목로 104,경기도 안산시 상록구 본오동 723,N,3,4,1,1,0,0,3,1,0,안산시,,00:00~24:00,,37.28986990,126.86955167,2019-08-01
"공중화장실",성포공원,경기도 안산시 상록구 성포로 6,경기도 안산시 상록구 성포동 582,N,3,2,0,0,0,0,3,0,0,안산시,,00:00~24:00,,37.32261989,126.84223249,2019-08-01
"공중화장실",성호공원(2구역)이동식물원,경기도 안산시 상록구 안산대학로 114,경기도 안산시 상록구 일동 615,N,2,3,1,1,1,0,2,1,0,안산시,,00:00~24:00,,37.30992279,126.87034730,2019-08-01
"공중화장실",안산 보둠이나눔이 어린이집,경기도 안산시 단원구 신길중앙로 17,경기도 안산시 단원구 신길동 1384-11,N,0,2,5,5,0,0,1,9,0,안산시,,00:00~24:00,,37.33806628,126.76196990,2019-08-01
"공중화장실",안산여성근로자복지센터,경기도 안산시 단원구 원본로3길 28,경기도 안산시 단원구 원곡동 758,N,0,0,0,0,0,0,0,0,0,안산시,,00:00~24:00,,37.33211509,126.79521890,2019-08-01
"공중화장실",행복예절관,경기도 안산시 단원구 보배2길 64-8,경기도 안산시 단원구 고잔동 620,N,2,1,1,1,0,0,4,1,0,안산시,,00:00~24:00,,37.33248770,126.83217845,2019-08-01
"공중화장실",민방위교육장,경기도 안산시 상록구 예술광장1로 32,경기도 안산시 상록구 월피동 445-13,N,9,17,0,0,0,0,9,0,0,안산시,,00:00~24:00,,37.32961300,126.84598810,2019-08-01
"공중화장실",상록수체육관,경기도 안산시 상록구 용신로 422,경기도 안산시 상록구 본오동 1111-20,N,14,16,7,7,0,0,36,3,0,안산시,,00:00~24:00,,37.30095518,126.86857606,2019-08-01
"공중화장실",안산시청소년수련관,경기도 안산시 상록구 삼일로 696,경기도 안산시 상록구 성포동 214-1,N,7,16,1,1,1,0,15,1,1,안산시,,00:00~24:00,,37.32625264,126.85326856,2019-08-01
"공중화장실",일동청소년문화의집,경기도 안산시 상록구 충장로6길 22-3,경기도 안산시 상록구 이동 596-6,N,3,3,0,0,0,0,3,0,0,안산시,,00:00~24:00,,37.30841909,126.85894470,2019-08-01
"공중화장실",종현어촌체험마을,경기도 안산시 단원구 구봉길 240,경기도 안산시 단원구 대부북동 1870-37,N,4,8,1,1,0,0,8,1,0,안산시,,00:00~24:00,,37.28047795,126.54764284,2019-08-01
"공중화장실",중부흥 어민복지회관,경기도 안산시 단원구 부흥로 166,경기도 안산시 단원구 대부남동 129,N,1,1,2,2,0,0,1,1,0,안산시,,00:00~24:00,,37.22181571,126.59302620,2019-08-01
"공중화장실",상동 어민 복지회관,경기도 안산시 단원구 장골길 18,경기도 안산시 단원구 대부북동 215-1,N,0,0,0,0,0,0,0,0,0,안산시,,00:00~24:00,,37.24374189,126.58120957,2019-08-01
"공중화장실",대부도 배모양 공중화장실,경기도 안산시 단원구 대부황금로 1432,경기도 안산시 단원구 대부북동 1849-30,N,2,3,2,2,0,0,6,1,0,안산시,,00:00~24:00,,37.28395661,126.57006669,2019-08-01
"공중화장실",원곡본동주민센터(구),경기도 안산시 단원구 원본로 15,경기도 안산시 단원구 원곡동 746-6,N,2,2,0,0,0,0,3,1,0,안산시,,00:00~24:00,,37.33120977,126.79172380,2019-08-01
"공중화장실",안산시정신보건센타,경기도 안산시 단원구 화랑로 387,경기도 안산시 단원구 고잔동 515,N,3,4,0,0,0,0,4,0,0,안산시,,00:00~24:00,,37.32213116,126.83024270,2019-08-01
"공중화장실",안산S/W지원센터,경기도 안산시 단원구 연수원로 104-14,경기도 안산시 단원구 원곡동 643-7,N,6,6,0,0,0,0,5,0,0,안산시,,00:00~24:00,,37.32161950,126.80125080,2019-08-01
"공중화장실",안산시청사,경기도 안산시 단원구 화랑로 387,경기도 안산시 단원구 고잔동 515,N,39,58,26,26,0,0,46,11,0,안산시,,00:00~24:00,,37.32213116,126.83024270,2019-08-01
"공중화장실",안산시청 별관,경기도 안산시 단원구 중앙대로 839,경기도 안산시 단원구 고잔동 526-2,N,10,5,10,10,0,0,15,5,0,안산시,,00:00~24:00,,37.31761690,126.82963670,2019-08-01
"공중화장실",초지동주민센터(구),경기도 안산시 단원구 동산로 253,경기도 안산시 단원구 초지동 606-1,N,1,1,2,2,0,0,1,1,0,안산시,,00:00~24:00,,37.32473123,126.80856070,2019-08-01
"공중화장실",차량등록사업소,경기도 안산시 단원구 선부광장1로 6,경기도 안산시 단원구 선부동 1070-10,N,6,8,0,0,0,0,6,0,0,안산시차량등록사업소장,,00:00~24:00,,37.33485073,126.80713850,2019-08-01
"공중화장실",안산유통상가1차,경기도 안산시 단원구 산단로 342,경기도 안산시 단원구 원곡동 994-5,N,331,357,0,0,0,0,325,0,0,안산유통상가사업협동조합,,00:00~24:00,,37.32541232,126.78658930,2019-08-01
"공중화장실",안산유통상가2차,경기도 안산시 단원구 산단로 348,경기도 안산시 단원구 원곡동 994,N,82,76,3,3,0,0,77,3,0,안산유통상가사업협동조합,,00:00~24:00,,37.32642260,126.78640129,2019-08-01
"공중화장실",안산제일종합시장,경기도 안산시 단원구 선이로 14,경기도 안산시 단원구 선부동 1028,N,33,66,0,0,0,0,35,0,0,안산제1종합시장사업협동조합,,00:00~24:00,,37.34230890,126.80362970,2019-08-01
"공중화장실",전기시험연구소,경기도 안산시 상록구 항가울로 111,경기도 안산시 상록구 사동 1271-19,N,30,40,8,8,0,0,30,8,0,연구소장,,00:00~24:00,,37.29078240,126.84265560,2019-08-01
"공중화장실",중소기업진흥공단연수원,경기도 안산시 단원구 연수원로 87,경기도 안산시 단원구 원곡동 931,N,65,77,0,0,0,0,36,1,0,연수원장,,00:00~24:00,,37.31909203,126.79761363,2019-08-01
"공중화장실",안산의류상설할인매장(A동),경기도 안산시 상록구 삼리로 45,경기도 안산시 상록구 사동 1530,N,14,15,5,5,0,0,14,5,0,영보BS,,00:00~24:00,,37.30494250,126.84466420,2019-08-01
"공중화장실",안산의류상설할인매장(B동),경기도 안산시 상록구 삼리로 49,경기도 안산시 상록구 사동 1531,N,12,15,5,5,0,0,12,5,0,영보BS,,00:00~24:00,,37.30493960,126.84617070,2019-08-01
"공중화장실",와동주민센터,경기도 안산시 단원구 선부로 273,경기도 안산시 단원구 와동 280-1,N,6,6,2,2,0,0,6,3,0,와동장,,00:00~24:00,,37.34172680,126.82557120,2019-08-01
"공중화장실",우경조병원,경기도 안산시 단원구 중앙대로 861,경기도 안산시 단원구 고잔동 531-4,N,11,12,2,2,0,0,13,1,0,우경조,,00:00~24:00,,37.31731628,126.83209240,2019-08-01
"공중화장실",고잔1동우체국,경기도 안산시 단원구 광덕2로 186,경기도 안산시 단원구 고잔동 773-10,N,0,0,2,2,0,0,0,1,0,우정사업국,,00:00~24:00,,37.30942212,126.83134150,2019-08-01
"공중화장실",고잔2동우체국,경기도 안산시 단원구 예술대학로 74,경기도 안산시 단원구 고잔동 672-4,N,0,0,0,0,0,0,0,0,0,우정사업국,,00:00~24:00,,37.32360830,126.83755497,2019-08-01
"공중화장실",안산우체국,경기도 안산시 단원구 중앙대로 815,경기도 안산시 단원구 고잔동 521-2,N,6,13,0,0,0,0,9,0,0,우체국장,,00:00~24:00,,37.31771860,126.82699020,2019-08-01
"공중화장실",선부동우체국,경기도 안산시 단원구 선부광장1로 138,경기도 안산시 단원구 선부동 1077-11,N,0,0,1,1,0,0,0,0,0,우체국장,,00:00~24:00,,37.33195445,126.81023950,2019-08-01
"공중화장실",원곡1동주민센터,경기도 안산시 단원구 원선로 31,경기도 안산시 단원구 원곡동 821-1,N,1,2,0,0,0,0,3,1,0,원곡1동장,,00:00~24:00,,37.32791733,126.79691298,2019-08-01
"공중화장실",원곡2동주민센터,경기도 안산시 단원구 원선로 91,경기도 안산시 단원구 원곡동 936-5,N,4,6,2,2,0,0,4,1,0,원곡2동장,,00:00~24:00,,37.33163230,126.80183174,2019-08-01
"공중화장실",원곡본동 주민센터,경기도 안산시 단원구 부부로 55,경기도 안산시 단원구 원곡동 991-3,N,8,8,2,2,0,0,13,1,0,원곡본동장,,00:00~24:00,,37.33328776,126.79086060,2019-08-01
"공중화장실",㈜반월가스공업,경기도 안산시 상록구 삼천리5길 24-5,경기도 안산시 상록구 건건동 142-1,N,2,2,0,0,0,0,2,0,0,원전에너지,,00:00~24:00,,37.31472578,126.90106434,2019-08-01
"공중화장실",월드상가2동,경기도 안산시 상록구 본삼로 38,경기도 안산시 상록구 본오동 872,N,2,4,0,0,0,0,4,0,0,월드상가번영회,,00:00~24:00,,37.30069788,126.86414160,2019-08-01
"공중화장실",월드상가1동,경기도 안산시 상록구 본삼로 38,경기도 안산시 상록구 본오동 872,N,5,8,0,0,0,0,6,0,0,월드상가번영회,,00:00~24:00,,37.30069788,126.86414160,2019-08-01
"공중화장실",월드프라자,경기도 안산시 상록구 본삼로 38,경기도 안산시 상록구 본오동 872,N,10,20,0,0,0,0,15,0,0,월드상가번영회,,00:00~24:00,,37.30069788,126.86414160,2019-08-01
"공중화장실",월피동주민센터,경기도 안산시 상록구 시낭북로 4,경기도 안산시 상록구 부곡동 738,N,3,6,0,0,0,0,6,0,0,월피동장,,00:00~24:00,,37.33370313,126.85683335,2019-08-01
"공중화장실",한남법조타운,경기도 안산시 단원구 광덕서로 82,경기도 안산시 단원구 고잔동 707-4,N,18,24,0,0,0,0,19,0,0,윤성일,,00:00~24:00,,37.31190850,126.82780639,2019-08-01
"공중화장실",이동주민센터,경기도 안산시 상록구 이동로 46,경기도 안산시 상록구 이동 578-12,N,8,10,4,4,0,0,14,4,0,이동장,,00:00~24:00,,37.30542190,126.86083820,2019-08-01
"공중화장실",상록수병원,경기도 안산시 상록구 선암로 40,경기도 안산시 상록구 본오동 948-11,N,5,4,0,0,0,0,7,0,0,이장환,,00:00~24:00,,37.28844530,126.86312980,2019-08-01
"공중화장실",일동 주민센터,경기도 안산시 상록구 성호로 53,경기도 안산시 상록구 일동 706-3,N,4,4,8,8,0,0,8,2,0,일동장,,00:00~24:00,,37.31032689,126.86613060,2019-08-01
"공중화장실",서안산주유소,경기도 안산시 단원구 시흥대로 65,경기도 안산시 단원구 선부동 150-5,N,2,2,0,0,0,0,2,0,0,임옥경,,00:00~24:00,,37.34962780,126.79648432,2019-08-01
"공중화장실",신안코아,경기도 안산시 상록구 반석로 44 (본오동),"경기도 안산시 상록구 본오동 871,신안1차아파트",N,12,12,0,0,0,0,12,0,0,입점자대표,,00:00~24:00,,37.29504081,126.86457590,2019-08-01
"공중화장실",안산법조타운,경기도 안산시 단원구 광덕서로 86,경기도 안산시 단원구 고잔동 707,N,39,42,1,1,0,0,40,1,0,전창길,,00:00~24:00,,37.31230984,126.82770030,2019-08-01
"공중화장실",삼영빌딩,경기도 안산시 단원구 광덕서로 68,경기도 안산시 단원구 고잔동 710-1,N,12,12,0,0,0,0,12,0,0,전황제,,00:00~24:00,,37.31083538,126.82741550,2019-08-01
"공중화장실",GS공단주유소,경기도 안산시 단원구 산단로 313,경기도 안산시 단원구 신길동 1230,N,1,1,2,2,0,0,1,1,0,㈜GS,,00:00~24:00,,37.32285331,126.78654685,2019-08-01
"공중화장실",SK고잔주유소,경기도 안산시 단원구 적금로 114,경기도 안산시 단원구 고잔동 519-2,N,1,2,0,0,0,0,2,0,0,㈜SK,,00:00~24:00,,37.31831588,126.82630274,2019-08-01
"공중화장실",한양주유소,경기도 안산시 단원구 화정천서로 507,경기도 안산시 단원구 선부동 1087-18,N,1,1,0,0,0,0,0,0,0,㈜SK,,00:00~24:00,,37.34222210,126.81760761,2019-08-01
"공중화장실",거풍스카이팰리스,경기도 안산시 단원구 당곡로 11,경기도 안산시 단원구 고잔동 530-2,N,8,8,0,0,0,0,12,0,0,㈜거풍건설,,00:00~24:00,,37.31830752,126.83301761,2019-08-01
"공중화장실",골든빌오피스텔,경기도 안산시 단원구 광덕대로 206,경기도 안산시 단원구 고잔동 724,N,5,8,1,1,0,0,5,1,0,㈜골든빌,,00:00~24:00,,37.31470083,126.83120440,2019-08-01
"공중화장실",극동에너지,경기도 안산시 단원구 선이로 39,경기도 안산시 단원구 선부동 1015,N,0,0,0,0,0,0,0,0,0,㈜극동에너지,,00:00~24:00,,37.34345405,126.80077590,2019-08-01
"공중화장실",남양빌딩,경기도 안산시 단원구 중앙대로 927,경기도 안산시 단원구 고잔동 541-2,N,14,21,0,0,0,0,21,0,0,㈜남양건설,,00:00~24:00,,37.31712721,126.83951700,2019-08-01
"공중화장실",블루빌타운,경기도 안산시 단원구 화랑로 408,경기도 안산시 단원구 고잔동 528,N,4,4,0,0,0,0,4,0,0,㈜대우건설,,00:00~24:00,,37.32075950,126.83304460,2019-08-01
"공중화장실",선부주유소,경기도 안산시 단원구 선부로 81,경기도 안산시 단원구 선부동 1028-11,N,1,1,0,0,0,0,1,0,0,㈜대지석유,,00:00~24:00,,37.34134752,126.80405866,2019-08-01
"공중화장실",한대역주유소,경기도 안산시 상록구 광덕4로 357,경기도 안산시 상록구 이동 622-2,N,1,2,1,1,0,0,1,1,0,㈜대한석유,,00:00~24:00,,37.31152648,126.85064849,2019-08-01
"공중화장실",부원프라자,경기도 안산시 단원구 광덕4로 180,경기도 안산시 단원구 고잔동 724-4,N,18,24,6,6,0,0,18,6,0,㈜동방엘엔씨,,00:00~24:00,,37.31463796,126.83260720,2019-08-01
"공중화장실",동서코아,경기도 안산시 단원구 중앙대로 921,경기도 안산시 단원구 고잔동 541-1,N,8,12,0,0,0,0,8,0,0,㈜동서유통,,00:00~24:00,,37.31711840,126.83894160,2019-08-01
"공중화장실",롯데프라자,경기도 안산시 단원구 중앙대로 899,경기도 안산시 단원구 고잔동 537-4,N,10,15,0,0,0,0,10,0,0,㈜롯데건설,,00:00~24:00,,37.31725100,126.83638010,2019-08-01
"공중화장실",다농마트,경기도 안산시 상록구 예술광장로 1,경기도 안산시 상록구 월피동 445,N,33,44,2,2,0,0,31,2,0,㈜민주산업,,00:00~24:00,,37.32836032,126.84423792,2019-08-01
"공중화장실",밀레니엄1차,경기도 안산시 단원구 광덕대로 141,경기도 안산시 단원구 고잔동 717-1,N,19,22,0,0,0,0,22,0,0,㈜삼성종합관리,,00:00~24:00,,37.30903124,126.82890850,2019-08-01
"공중화장실",밀레니엄2차,경기도 안산시 단원구 광덕대로 137,경기도 안산시 단원구 고잔동 717-2,N,16,16,0,0,0,0,16,0,0,㈜삼성종합관리,,00:00~24:00,,37.30874870,126.82891460,2019-08-01
"공중화장실",홈플러스 안산점,경기도 안산시 상록구 충장로 432,경기도 안산시 상록구 성포동 586,N,32,45,0,0,0,0,32,0,0,㈜삼성테스코,,00:00~24:00,,37.31720951,126.85010024,2019-08-01
"공중화장실",웅신아트프라자,경기도 안산시 단원구 광덕대로 161,경기도 안산시 단원구 고잔동 708,N,25,20,0,0,0,0,10,0,0,㈜석우종합건설,,00:00~24:00,,37.31092363,126.82910030,2019-08-01
"공중화장실",우남센스빌,경기도 안산시 상록구 상록수로 16,경기도 안산시 상록구 본오동 877-5,N,4,6,0,0,0,0,4,0,0,㈜선진ENG,,00:00~24:00,,37.30234405,126.86152060,2019-08-01
"공중화장실",골든게이트빌오피스텔,경기도 안산시 단원구 고잔1길 69,경기도 안산시 단원구 고잔동 539-12,N,12,6,0,0,0,0,12,0,0,㈜세경종합,,00:00~24:00,,37.31820130,126.84140840,2019-08-01
"공중화장실",신세기빌딩,경기도 안산시 단원구 고잔2길 59,경기도 안산시 단원구 고잔동 540-16,N,17,27,0,0,0,0,13,0,0,㈜세기건설,,00:00~24:00,,37.31770460,126.83771210,2019-08-01
"공중화장실",에머랄드빌딩,경기도 안산시 단원구 고잔2길 16,경기도 안산시 단원구 고잔동 531-2,N,12,18,0,0,0,0,12,0,0,㈜신성,,00:00~24:00,,37.31763336,126.83282600,2019-08-01
"공중화장실",일번지빌딩,경기도 안산시 단원구 광덕대로 146,경기도 안산시 단원구 고잔동 772,N,30,15,0,0,0,0,15,0,0,㈜신성개발,,00:00~24:00,,37.30943082,126.83063360,2019-08-01
"공중화장실",신원프라자,경기도 안산시 단원구 화랑로 402,경기도 안산시 단원구 고잔동 527-8,N,2,3,0,0,0,0,3,0,0,㈜신원,,00:00~24:00,,37.32070450,126.83242520,2019-08-01
"공중화장실",로진프라자,경기도 안산시 단원구 광덕동로 39,경기도 안산시 단원구 고잔동 775-4,N,24,18,0,0,0,0,18,0,0,㈜신하종합건설,,00:00~24:00,,37.30792268,126.83204710,2019-08-01
"공중화장실",영풍맘모스프라자,경기도 안산시 단원구 고잔로 76,경기도 안산시 단원구 고잔동 533-3,N,14,21,0,0,0,0,28,0,0,㈜영풍건설,,00:00~24:00,,37.31880560,126.83485410,2019-08-01
"공중화장실",월드코아,경기도 안산시 단원구 중앙대로 915,경기도 안산시 단원구 고잔동 541-4,N,17,25,0,0,0,0,18,0,0,㈜월드비전,,00:00~24:00,,37.31711774,126.83824210,2019-08-01
"공중화장실",베스코아트빌,경기도 안산시 상록구 광덕산안길 14,경기도 안산시 상록구 월피동 508-3,N,4,6,0,0,0,0,4,0,0,㈜유림종합개발,,00:00~24:00,,37.33481309,126.84435320,2019-08-01
"공중화장실",GS안산스타주유소,경기도 안산시 단원구 달미로 72,경기도 안산시 단원구 선부동 1087,N,2,2,0,0,0,0,2,0,0,주유소,,00:00~24:00,,37.34222500,126.81553106,2019-08-01
"공중화장실",SK제이주유소,경기도 안산시 단원구 선부광장로 33,경기도 안산시 단원구 선부동 1076-16,N,1,2,0,0,0,0,2,0,0,주유소,,00:00~24:00,,37.33593089,126.81091630,2019-08-01
"공중화장실",삼정주유소,경기도 안산시 단원구 삼일로 122,경기도 안산시 단원구 원곡동 960,N,1,2,0,0,0,0,1,0,0,주유소장,,00:00~24:00,,37.33451854,126.79187605,2019-08-01
"공중화장실",만해주유소,경기도 안산시 단원구 만해로 92,경기도 안산시 단원구 신길동 283-2,N,2,2,0,0,0,0,1,0,0,주유소장,,00:00~24:00,,37.32852627,126.74979275,2019-08-01
"공중화장실",서안산IC주유소,경기도 안산시 단원구 중앙대로 224,경기도 안산시 단원구 신길동 216-141,N,2,2,0,0,0,0,2,0,0,주유소장,,00:00~24:00,,37.33439176,126.76643309,2019-08-01
"공중화장실",뉴코아아울렛,경기도 안산시 단원구 당곡로 20,경기도 안산시 단원구 고잔동 533,N,18,30,2,2,0,0,45,1,0,㈜이랜드,,00:00~24:00,,37.31875720,126.83373730,2019-08-01
"공중화장실",2001아울렛B관,경기도 안산시 단원구 광덕대로 194,경기도 안산시 단원구 고잔동 725-1,N,26,40,0,0,0,0,40,0,0,㈜이랜드,,00:00~24:00,,37.31342070,126.83100590,2019-08-01
"공중화장실",경기테크노파크,경기도 안산시 상록구 해안로 705,경기도 안산시 상록구 사동 1271-11,N,20,25,4,4,0,0,20,4,0,㈜재단법인테크노파크,,00:00~24:00,,37.29087212,126.83000174,2019-08-01
"공중화장실",중앙오피스텔,경기도 안산시 단원구 고잔로 55,경기도 안산시 단원구 고잔동 527-9,N,4,4,0,0,0,0,4,0,0,㈜중앙건설,,00:00~24:00,,37.31950314,126.83230270,2019-08-01
"공중화장실",중앙노블레스,경기도 안산시 단원구 예술대학로 17,경기도 안산시 단원구 고잔동 534-3,N,36,45,1,1,0,0,36,1,0,㈜중앙건설,,00:00~24:00,,37.31869084,126.83651861,2019-08-01
"공중화장실",진양빌딩,경기도 안산시 단원구 당곡로 9,경기도 안산시 단원구 고잔동 530-3,N,4,4,0,0,0,0,4,0,0,㈜진양빌딩,,00:00~24:00,,37.31792105,126.83291010,2019-08-01
"공중화장실",훼미리프라자,경기도 안산시 단원구 선부광장1로 72,경기도 안산시 단원구 선부동 1076-5,N,15,15,0,0,0,0,15,0,0,㈜진일,,00:00~24:00,,37.33571270,126.81221430,2019-08-01
"공중화장실",코스모프라자,경기도 안산시 단원구 고잔2길 45,경기도 안산시 단원구 고잔동 535-2,N,10,15,1,1,0,0,10,1,0,㈜코스모,,00:00~24:00,,37.31791898,126.83610061,2019-08-01
"공중화장실",안산시교통정보센타,경기도 안산시 상록구 항가울로 200,경기도 안산시 상록구 사동 1586-3,N,15,20,1,1,0,0,15,1,0,㈜한국건설관리공사,,00:00~24:00,,37.29828480,126.84499022,2019-08-01
"공중화장실",한양빌딩,경기도 안산시 단원구 중앙대로 855,경기도 안산시 단원구 고잔동 531-5,N,0,0,0,0,0,0,0,0,0,㈜한양건설,,00:00~24:00,,37.31742234,126.83143890,2019-08-01
"공중화장실",해양빌딩,경기도 안산시 단원구 중앙대로 937,경기도 안산시 단원구 고잔동 542-4,N,19,20,2,2,0,0,19,1,0,㈜해양건설,,00:00~24:00,,37.31702458,126.84090480,2019-08-01
"공중화장실",대우마이홈,경기도 안산시 상록구 충장로 232,경기도 안산시 상록구 본오동 877-14,N,1,3,0,0,0,0,2,0,0,㈜현대하우징,,00:00~24:00,,37.30211723,126.86021260,2019-08-01
"공중화장실",홈플러스,경기도 안산시 단원구 삼일로 316,경기도 안산시 단원구 선부동 1077-1,N,4,6,2,2,0,0,9,1,0,㈜홈플러스,,00:00~24:00,,37.33373440,126.81254650,2019-08-01
"공중화장실",안산터미널,경기도 안산시 상록구 충장로 427,경기도 안산시 상록구 성포동 590,N,13,16,3,3,0,0,18,2,0,㈜화성,,00:00~24:00,,37.31678993,126.84892330,2019-08-01
"공중화장실",중앙도서관,경기도 안산시 단원구 안산천남로 14,경기도 안산시 단원구 고잔동 721,N,20,19,5,5,0,0,20,5,0,중앙도서관장,,00:00~24:00,,37.30455330,126.82136246,2019-08-01
"공중화장실",단원어린이도서관,경기도 안산시 단원구 화정로 30,경기도 안산시 단원구 초지동 667-3,N,5,5,6,6,0,0,6,3,0,중앙도서관장,,00:00~24:00,,37.33110589,126.81602800,2019-08-01
"공중화장실",SK중앙주유소,경기도 안산시 단원구 화정로 96,경기도 안산시 단원구 와동 852,N,1,2,0,0,0,0,2,0,0,중앙주유소,,00:00~24:00,,37.33271965,126.82252520,2019-08-01
"공중화장실",고잔지구대,경기도 안산시 단원구 화랑로 387,경기도 안산시 단원구 고잔동 515,N,0,0,0,0,0,0,0,0,0,지구대장,,00:00~24:00,,37.32213116,126.83024270,2019-08-01
"공중화장실",선부지구대,경기도 안산시 단원구 선부광장1로 150,경기도 안산시 단원구 선부동 1072-5,N,1,1,0,0,0,0,1,0,0,지구대장,,00:00~24:00,,37.33203205,126.80910950,2019-08-01
"공중화장실",GS하이웨이점주유소,경기도 안산시 상록구 안산천서로 263,경기도 안산시 상록구 월피동 482-1,N,2,2,0,0,0,0,2,0,0,지에스칼텍스㈜하이웨이,,00:00~24:00,,37.33688720,126.84943825,2019-08-01
"공중화장실",대한생명,경기도 안산시 단원구 화랑로 396,경기도 안산시 단원구 고잔동 527,N,21,28,0,0,0,0,27,0,0,지점장,,00:00~24:00,,37.32082122,126.83160040,2019-08-01
"공중화장실",초지동 주민센터,경기도 안산시 단원구 초지동로 67,경기도 안산시 단원구 초지동 728-1,N,4,4,0,0,0,0,4,2,0,초지동장,,00:00~24:00,,37.30997610,126.81682700,2019-08-01
"공중화장실",치항병원,경기도 안산시 단원구 고잔2길 2,경기도 안산시 단원구 고잔동 531,N,10,10,2,2,0,0,10,1,0,치항병원,,00:00~24:00,,37.31771398,126.83128070,2019-08-01
"공중화장실",사랑의병원,경기도 안산시 상록구 예술광장로 69,경기도 안산시 상록구 성포동 593-4,N,31,4,0,0,0,0,8,0,0,칠석의료재단,,00:00~24:00,,37.32701311,126.84474210,2019-08-01
"공중화장실",하이마트,경기도 안산시 단원구 광덕대로 198,경기도 안산시 단원구 고잔동 725,N,9,9,2,2,0,0,9,1,0,하이마트,,00:00~24:00,,37.31411510,126.83101770,2019-08-01
"공중화장실",서울예술대학,경기도 안산시 단원구 예술대학로 171,경기도 안산시 단원구 고잔동 640,N,78,85,4,4,0,0,94,5,0,학교법인동랑예술원,,00:00~24:00,,37.33341336,126.83624070,2019-08-01
"공중화장실",근로자시민문화센터,경기도 안산시 단원구 선부광장로 47,경기도 안산시 단원구 선부동 1076-9,N,16,15,0,0,2,0,15,0,2,한국노총안산지부,,00:00~24:00,,37.33461870,126.81221407,2019-08-01
"공중화장실",한국농어촌공사,경기도 안산시 상록구 해안로 870,경기도 안산시 상록구 사동 1031-7,N,4,6,0,0,0,0,4,0,0,한국농어촌공사,,00:00~24:00,,37.28078496,126.84370005,2019-08-01
"공중화장실",한국농어촌공사화안사업단,경기도 안산시 단원구 적금로1길 17,경기도 안산시 단원구 고잔동 524-3,N,13,14,1,1,0,0,11,1,0,한국농어촌공사화안사업단장,,00:00~24:00,,37.31824420,126.82812153,2019-08-01
"공중화장실",안산시험연구센타,경기도 안산시 상록구 해안로 723,경기도 안산시 상록구 사동 1271-12,N,16,24,2,2,0,0,16,2,0,한국산업기술시험원,,00:00~24:00,,37.29220464,126.83181221,2019-08-01
"공중화장실",한국전력공사안산지점사옥,경기도 안산시 단원구 원고잔로 25,경기도 안산시 단원구 고잔동 518-1,N,14,19,1,1,0,0,14,1,0,한국전력안산지사장,,00:00~24:00,,37.32067813,126.82736233,2019-08-01
"공중화장실",고잔역,경기도 안산시 단원구 중앙대로 784,경기도 안산시 단원구 고잔동 453-53,N,4,7,1,1,0,0,4,1,0,한국철도공사장(안산관리역장),,00:00~24:00,,37.31691113,126.82203256,2019-08-01
"공중화장실",안산역,경기도 안산시 단원구 바라지길 14,경기도 안산시 단원구 신길동 377-1,N,3,4,1,1,0,0,6,1,1,한국철도공사장(안산관리역장),,00:00~24:00,,37.33271331,126.76150190,2019-08-01
"공중화장실",신길온천역,경기도 안산시 단원구 황고개로 2,경기도 안산시 단원구 신길동 216-2,N,4,5,1,1,0,0,5,1,0,한국철도공사장(안산관리역장),,00:00~24:00,,37.33757921,126.76714994,2019-08-01
"공중화장실",한미오피스텔,경기도 안산시 상록구 중보로 51,경기도 안산시 상록구 이동 716-2,N,4,4,1,1,0,0,4,1,0,한미오피스텔,,00:00~24:00,,37.30781282,126.85240210,2019-08-01
"공중화장실",한빛여성병원,경기도 안산시 단원구 광덕동로 53,경기도 안산시 단원구 고잔동 774-1,N,2,2,0,0,0,0,4,1,0,한빛여성병원,,00:00~24:00,,37.30910800,126.83224730,2019-08-01
"공중화장실",한빛프라자,경기도 안산시 상록구 광덕1로 380,경기도 안산시 상록구 이동 716-10,N,12,18,0,0,0,0,12,0,0,한빛프라자,,00:00~24:00,,37.30800837,126.85170770,2019-08-01
"공중화장실",한양증권,경기도 안산시 단원구 광덕대로 264,경기도 안산시 단원구 고잔동 527-6,N,10,10,0,0,0,0,10,0,0,한양증권,,00:00~24:00,,37.32001860,126.83148960,2019-08-01
"공중화장실",석탑프라자,경기도 안산시 단원구 고잔1길 7,경기도 안산시 단원구 고잔동 533-2,N,8,12,0,0,0,0,8,0,0,한왕규,,00:00~24:00,,37.31872729,126.83422420,2019-08-01
"공중화장실",경희재활요양병원,경기도 안산시 단원구 광덕대로 162,경기도 안산시 단원구 고잔동 771-1,N,2,6,0,0,0,0,4,0,0,행정실장,,00:00~24:00,,37.31081497,126.83074290,2019-08-01
"공중화장실",현대월드프라자,경기도 안산시 상록구 건건로 131,경기도 안산시 상록구 건건동 534-5,N,20,20,2,2,0,0,20,2,0,현대월드판매주식회사,,00:00~24:00,,37.31234319,126.90516440,2019-08-01
"공중화장실",모리아오피스텔,경기도 안산시 단원구 중앙대로 421,경기도 안산시 단원구 신길동 1623,N,3,9,3,3,0,0,9,3,0,현대주택관리(주),,00:00~24:00,,37.33002544,126.78650400,2019-08-01
"공중화장실",호수동주민센터,경기도 안산시 단원구 광덕2로 125,경기도 안산시 단원구 고잔동 712-2,N,11,11,6,6,0,0,16,0,0,호수동장,,00:00~24:00,,37.31024100,126.82435990,2019-08-01
"공중화장실",수도권대기환경청,경기도 안산시 단원구 원고잔로 34,경기도 안산시 단원구 고잔동 522-1,N,6,11,2,2,0,0,6,1,0,환경청,,00:00~24:00,,37.32044542,126.82843239,2019-08-01
"공중화장실",달미역,경기도 안산시 단원구 순환로 지하 160,경기도 안산시 단원구 선부동 481,N,4,8,0,0,0,0,12,0,0,소사원시운영(주),,00:00~24:00,,37.34906832,126.80895039,2019-08-01
"공중화장실",원시역,경기도 안산시 단원구 산단로 지하 70,경기도 안산시 단원구 원시동 803,N,4,9,0,0,0,0,12,0,0,소사원시운영(주),,00:00~24:00,,37.30199291,126.78672313,2019-08-01
"공중화장실",초지역,경기도 안산시 단원구 중앙대로 635,경기도 안산시 단원구 원시동 803,N,8,16,0,0,0,0,24,0,0,소사원시운영(주),,00:00~24:00,,37.32077062,126.80786676,2019-08-01
"공중화장실",선부역,경기도 안산시 단원구 선부광장로 34,경기도 안산시 단원구 선부동 1074-1,N,4,8,0,0,0,0,12,0,0,소사원시운영(주),,00:00~24:00,,37.33531724,126.81033110,2019-08-01
"공중화장실",GS하이웨이주유소,경기도 안산시 상록구 안산천서로 263,경기도 안산시 상록구 월피동 482-1,N,2,2,0,0,0,0,2,0,0,지에스칼텍스㈜하이웨이,,00:00~24:00,,37.33688720,126.84943825,2019-08-01
"공중화장실",SK택삼주유소,경기도 안산시 상록구 수인로 1917,경기도 안산시 상록구 장상동 115-4,N,2,2,0,0,0,0,2,0,0,개인,,00:00~24:00,,37.35481040,126.87276570,2019-08-01
"공중화장실",U-정보센터,경기도 안산시 상록구 항가울로 200,경기도 안산시 상록구 사동 1586-3,N,15,20,1,0,0,0,15,1,0,U-정보센터장,,00:00~24:00,,37.29828480,126.84499022,2019-08-01
"공중화장실",각골체육관,경기도 안산시 상록구 석호로 400,경기도 안산시 상록구 본오동 728,N,1,1,1,0,0,0,2,1,0,안산도시공사장,,00:00~24:00,,37.29258271,126.87519944,2019-08-01
"공중화장실",검찰청 청사동,경기도 안산시 단원구 광덕서로 75,경기도 안산시 단원구 고잔동 711,N,28,29,3,0,0,0,19,2,0,법무부,,00:00~24:00,,37.31192223,126.82636260,2019-08-01
"공중화장실",경기도청소년수련원,경기도 안산시 단원구 선감로 255,경기도 안산시 단원구 선감동 산130,N,3,5,0,0,0,2,7,0,0,경기도,,00:00~24:00,,37.21515869,126.64210614,2019-08-01
"공중화장실",경기창작센터,경기도 안산시 단원구 선감로 101-19 (선감동),"경기도 안산시 단원구 선감동 400-3,경기창작센터",N,55,78,0,0,0,5,38,0,0,경기문화재단 경기창작센터장,,00:00~24:00,,37.22732234,126.63254745,2019-08-01
"공중화장실",고속주유소,경기도 안산시 상록구 가루개로 143,경기도 안산시 상록구 양상동 201-2,N,2,1,0,0,0,0,2,0,0,개인,,00:00~24:00,,37.34643018,126.84886844,2019-08-01
"공중화장실",공단스포츠센타(무역센터),경기도 안산시 단원구 동산로 63,경기도 안산시 단원구 원시동 773-9,N,2,3,0,0,0,0,2,0,0,개인,,00:00~24:00,,37.31443130,126.79724210,2019-08-01
"공중화장실",공단지원회관,경기도 안산시 단원구 동산로 48,경기도 안산시 단원구 원시동 777,N,18,27,0,0,0,0,18,0,0,한국산업단지공단본부,,00:00~24:00,,37.31283950,126.79605090,2019-08-01
"공중화장실",공단파출소,경기도 안산시 단원구 동산로 29,경기도 안산시 단원구 원시동 773-6,N,0,0,0,1,0,0,0,0,0,경기도 경찰청,,00:00~24:00,,37.31294333,126.79341110,2019-08-01
"공중화장실",광덕공원,,경기도 안산시 상록구 월피동 산 45,N,2,3,1,0,0,0,2,1,0,공원과,,00:00~24:00,,37.33270133,126.84185270,2019-08-01
"공중화장실",광덕정(국궁장),,경기도 안산시 단원구 초지동 산 7,N,0,0,0,2,0,0,0,0,0,안산도시공사장,,00:00~24:00,,37.31908598,126.80552110,2019-08-01
"공중화장실",국도주유소,경기도 안산시 상록구 수인로 647,경기도 안산시 상록구 사사동 177-4,N,2,1,0,0,0,0,2,0,0,개인,,00:00~24:00,,37.29550417,126.93686421,2019-08-01
"공중화장실",군자119안전센터,경기도 안산시 단원구 번영1로 45,경기도 안산시 단원구 성곡동 710-12,N,2,2,0,0,0,0,1,0,0,안산소방서 군자119안전센터장,,00:00~24:00,,37.31990008,126.73581770,2019-08-01
"공중화장실",근로복지공단안산병원,경기도 안산시 상록구 구룡로 87,경기도 안산시 상록구 일동 95,N,91,52,1,0,0,0,91,1,0,병원장,,00:00~24:00,,37.31753352,126.87457607,2019-08-01
"공중화장실",근로자종합복지관,경기도 안산시 단원구 선부광장로 47,경기도 안산시 단원구 선부동 1076-9,N,16,15,0,0,2,7,15,0,2,한국노총안산지부,,00:00~24:00,,37.33461870,126.81221407,2019-08-01
"공중화장실",남산뜰 화장실,경기도 안산시 상록구 충정공길 6,경기도 안산시 상록구 사사동 142-1,N,1,1,0,1,0,0,1,0,0,안산도시공사장,,00:00~24:00,,37.29891980,126.92615360,2019-08-01
"공중화장실",노적봉폭포,,경기도 안산시 상록구 성포동 산 39-1,N,3,4,1,0,0,0,6,1,0,안산시장(시민공원과장),,00:00~24:00,,37.32045461,126.85418730,2019-08-01
"공중화장실",농업기술센터,경기도 안산시 상록구 항가울로 222,경기도 안산시 상록구 사동 1584,N,4,4,0,0,0,0,4,0,0,안산시농업기술센터장,,00:00~24:00,,37.30049317,126.84424580,2019-08-01
"공중화장실",느티나무충전소,경기도 안산시 단원구 시흥대로 84-9,경기도 안산시 단원구 선부동 169-1,N,3,2,0,0,0,0,2,0,0,개인,,00:00~24:00,,37.34955704,126.79956670,2019-08-01
"공중화장실",다문화지원본부,경기도 안산시 단원구 부부로 43,경기도 안산시 단원구 원곡동 991-1,N,7,7,3,0,0,0,14,3,0,안산시외국인주민센터소장,,00:00~24:00,,37.33243625,126.79034269,2019-08-01
"공중화장실",단원미술관,경기도 안산시 상록구 충장로 422,경기도 안산시 상록구 성포동 737,N,2,4,4,3,0,0,8,2,0,안산시장(문화예술과장),,00:00~24:00,,37.31603662,126.85173611,2019-08-01
"공중화장실",대부바다향기테마파크 내 이동식화장실(관리사무동),,경기도 안산시 단원구 대부북동 1841-10,N,2,2,1,0,0,0,5,1,0,대부개발과,,00:00~24:00,,37.28629885,126.57493397,2019-08-01
"공중화장실",대부바다향기테마파크 이동식화장실(대형풍차),,경기도 안산시 단원구 대부북동 1841-10,N,2,2,1,0,0,0,5,1,0,대부개발과,,00:00~24:00,,37.28383122,126.57930507,2019-08-01
"공중화장실",대부바다향기테마파크 이동식화장실(록페스티벌 현장),,경기도 안산시 단원구 대부북동 1841-10,N,2,2,1,0,0,0,5,1,0,대부개발과,,00:00~24:00,,37.28383122,126.57930507,2019-08-01
"공중화장실",돌안말운동장,,경기도 안산시 단원구 성곡동 627-2,N,1,1,0,0,0,1,2,0,0,안산도시공사장,,00:00~24:00,,37.31275634,126.75405052,2019-08-01
"공중화장실",롯데마트(안산점),경기도 안산시 상록구 항가울로 422,경기도 안산시 상록구 성포동 590,N,15,21,2,0,0,0,31,2,0,개인,,00:00~24:00,,37.31809532,126.84665530,2019-08-01
"공중화장실",롯데백화점 안산점,경기도 안산시 단원구 고잔1길 12(고잔동),"경기도 안산시 단원구 고잔동 536-2,롯데백화점",N,10,22,4,0,0,0,50,5,6,개인,,00:00~24:00,,37.31800325,126.83449390,2019-08-01
"공중화장실",마로니에공원,,경기도 안산시 상록구 사동 1554,N,3,3,1,0,0,0,6,1,0,공원과,,00:00~24:00,,37.30370142,126.83815850,2019-08-01
"공중화장실",물빛공원,,경기도 안산시 단원구 초지동 797,N,3,4,0,0,0,0,6,0,0,공원과,,00:00~24:00,,37.32713220,126.80412660,2019-08-01
"공중화장실",민속공원,,경기도 안산시 단원구 고잔동 777,N,3,3,1,0,0,0,6,1,0,공원과,,00:00~24:00,,37.30828635,126.83724610,2019-08-01
"공중화장실",바다향기수목원,경기도 안산시 단원구 대부황금로 399,경기도 안산시 단원구 선감동 8-5,N,3,4,0,0,1,2,11,0,1,경기도,,00:00~24:00,,37.22502215,126.64651700,2019-08-01
"공중화장실",반월공단우체국,경기도 안산시 단원구 동산로 41,경기도 안산시 단원구 원시동 773-7,N,0,0,0,2,0,0,0,0,0,우정사업국,,00:00~24:00,,37.31322301,126.79465572,2019-08-01
"공중화장실",반월역,경기도 안산시 상록구 건건로 119-10,경기도 안산시 상록구 건건동 산62-1,N,3,3,1,0,0,0,3,1,0,한국철도공사장(안산관리역장),,00:00~24:00,,37.31177255,126.90368534,2019-08-01
"공중화장실",반월의용소방대,경기도 안산시 상록구 건건로 51-1,경기도 안산시 상록구 건건동 641-2,N,3,4,0,0,0,0,2,0,0,소방재청,,00:00~24:00,,37.30596533,126.90252870,2019-08-01
"공중화장실",반월정(각골공원내),경기도 안산시 상록구 오목로 135,경기도 안산시 상록구 본오동 46-2,N,1,3,0,0,0,0,1,0,0,안산도시공사장,,00:00~24:00,,37.29034233,126.87312360,2019-08-01
"공중화장실",반월충전소,경기도 안산시 상록구 서해로 2833,경기도 안산시 상록구 사사동 471-3,N,1,2,0,1,0,0,2,0,0,개인,,00:00~24:00,,37.30394995,126.91570310,2019-08-01
"공중화장실",백운동 행정복지센터,경기도 안산시 단원구 원선로 91,경기도 안산시 단원구 원곡동 936-5,N,4,6,2,0,0,0,4,1,0,백운동장,,00:00~24:00,,37.33163230,126.80183174,2019-08-01
"공중화장실",별빛광장,,경기도 안산시 단원구 고잔동 719-1,N,1,1,2,0,0,0,3,1,0,단원구청장(도시주택과장),,00:00~24:00,,37.30592038,126.82732520,2019-08-01
"공중화장실",보령주유소,경기도 안산시 상록구 용담로 188,경기도 안산시 상록구 팔곡이동 7-1,N,2,2,0,0,0,0,2,0,0,개인,,00:00~24:00,,37.29381934,126.89481740,2019-08-01
"공중화장실",본오1동 작은도서관,경기도 안산시 상록구 오목로7길 15,경기도 안산시 상록구 본오동 920,N,2,4,0,0,0,1,4,0,0,감골도서관장,,00:00~24:00,,37.28922510,126.86450498,2019-08-01
"공중화장실",부곡공원,,경기도 안산시 상록구 부곡동 산 50-28,N,1,1,0,0,0,0,1,0,0,공원과,,00:00~24:00,,37.33189689,126.86870920,2019-08-01
"공중화장실",부곡동 하늘공원,경기도 안산시 상록구 수인로 1824,경기도 안산시 상록구 부곡동 산 12,N,3,4,1,0,0,0,4,1,0,위생정책과,,00:00~24:00,,37.34661806,126.87053700,2019-08-01
"공중화장실",사세충열문공원,,경기도 안산시 단원구 와동 151,N,0,0,0,1,0,0,0,0,0,공원과,,00:00~24:00,,37.33733465,126.83054720,2019-08-01
"공중화장실",사이동 행정복지센터,경기도 안산시 상록구 감골1로 52,경기도 안산시 상록구 사동 1344-5,N,4,4,2,0,0,0,6,2,0,사이동장,,00:00~24:00,,37.28980946,126.85182310,2019-08-01
"공중화장실",산단근로자복지관,경기도 안산시 단원구 산단로 112,경기도 안산시 단원구 원시동 782-9,N,4,4,0,0,0,1,4,0,0,민주노총,,00:00~24:00,,37.30525490,126.78850280,2019-08-01
"공중화장실",산업주유소,경기도 안산시 단원구 동산로 42,경기도 안산시 단원구 원시동 777-4,N,1,1,0,0,0,0,1,0,0,산업주유소,,00:00~24:00,,37.31250878,126.79513750,2019-08-01
"공중화장실",상록수역,경기도 안산시 상록구 상록수로 61,경기도 안산시 상록구 본오동 1177,N,5,7,1,0,0,0,12,1,1,한국철도공사장(안산관리역장),,00:00~24:00,,37.30282701,126.86648960,2019-08-01
"공중화장실",상록어린이도서관,경기도 안산시 상록구 구룡체육관로 45,경기도 안산시 상록구 일동 443-2,N,5,5,4,0,0,0,15,4,0,감골도서관장,,00:00~24:00,,37.30732706,126.86203158,2019-08-01
"공중화장실",상일주유소,경기도 안산시 상록구 서해로 2838,경기도 안산시 상록구 사사동 469,N,2,1,0,0,0,0,2,0,0,개인,,00:00~24:00,,37.30494859,126.91615370,2019-08-01
"공중화장실",샛터공원,,경기도 안산시 단원구 선부동 산 119,N,1,1,0,0,0,0,1,0,0,공원과,,00:00~24:00,,37.33766673,126.80657830,2019-08-01
"공중화장실",서해로 주유소,경기도 안산시 상록구 서해로 2691,경기도 안산시 상록구 사사동 611-1,N,1,1,0,0,0,0,1,0,0,개인,,00:00~24:00,,37.29222989,126.91181510,2019-08-01
"공중화장실",석수골 운동장,경기도 안산시 단원구 선부로 96,경기도 안산시 단원구 선부동 1068,N,2,4,0,0,0,1,3,0,0,안산도시공사장,,00:00~24:00,,37.34090903,126.80479110,2019-08-01
"공중화장실",석수골 작은도서관,경기도 안산시 단원구 석수로9길 20,경기도 안산시 단원구 선부동 1159,N,0,1,3,0,0,0,1,2,0,안산시장,,00:00~24:00,,37.34656968,126.80393675,2019-08-01
"공중화장실",선감어촌체험마을,경기도 안산시 단원구 개건너길 78,경기도 안산시 단원구 선감동 208-17,N,0,0,0,0,0,0,0,0,0,해양수산과,,00:00~24:00,,37.22057073,126.62990060,2019-08-01
"공중화장실",선부배수지,,경기도 안산시 단원구 선부동 산 128,N,2,4,0,0,0,1,3,0,0,안산도시공사장,,00:00~24:00,,37.34195146,126.79882560,2019-08-01
"공중화장실",선부종합사회복지관,경기도 안산시 단원구 화정로 9 (선부동),"경기도 안산시 단원구 선부동 1079, 주공13,14단지아파트",N,4,5,0,0,0,1,4,0,0,안산시장,,00:00~24:00,,37.33339130,126.81402720,2019-08-01
"공중화장실",성곡119안전센터,경기도 안산시 단원구 장자골로 66,경기도 안산시 단원구 성곡동 602-2,N,0,0,0,2,0,0,0,0,0,경기도,,00:00~24:00,,37.31268593,126.76550270,2019-08-01
"공중화장실",성포배수지체육시설,경기도 안산시 상록구 구룡로5길 7-12,경기도 안산시 상록구 일동 106,N,0,0,0,3,0,0,0,0,0,안산도시공사장,,00:00~24:00,,37.31600410,126.87100240,2019-08-01
"공중화장실",성포예술광장1,,경기도 안산시 상록구 성포동 593-37,N,4,7,1,0,0,0,8,1,0,상록구청장(도시주택과장),,00:00~24:00,,37.32828292,126.84601430,2019-08-01
"공중화장실",성포예술광장2,,경기도 안산시 상록구 성포동 593-39,N,2,2,0,0,0,1,2,0,0,상록구청장(도시주택과장),,00:00~24:00,,37.32733675,126.84593720,2019-08-01
"공중화장실",성호공원(3구역),,경기도 안산시 상록구 이동 619,N,0,0,0,0,0,0,0,0,0,공원과,,00:00~24:00,,37.31064516,126.86379490,2019-08-01
"공중화장실",성호공원(3구역),,경기도 안산시 상록구 이동 618-2,N,1,1,0,0,0,0,1,0,0,공원과,,00:00~24:00,,37.31347588,126.85755140,2019-08-01
"공중화장실",성호공원(3구역),,경기도 안산시 상록구 일동 711,N,1,1,0,0,0,0,1,0,0,공원과,,00:00~24:00,,37.30545448,126.87096700,2019-08-01
"공중화장실",성호공원(3구역관리소),,경기도 안산시 상록구 이동 618-2,N,2,1,1,0,0,0,2,1,0,공원과,,00:00~24:00,,37.31347588,126.85755140,2019-08-01
"공중화장실",성호기념관,경기도 안산시 상록구 성호로 131,경기도 안산시 상록구 이동 615,N,6,6,0,0,0,2,6,0,0,안산시장(문화예술과장),,00:00~24:00,,37.31507667,126.85957620,2019-08-01
"공중화장실",수암봉주차장,경기도 안산시 상록구 양달말길 38,경기도 안산시 상록구 수암동 280-2,N,2,4,0,0,1,1,5,0,1,안산시장(녹지과장),,00:00~24:00,,37.35050860,126.87543680,2019-08-01
"공중화장실",시낭공원,,경기도 안산시 상록구 부곡동 719,N,1,1,0,0,0,1,2,0,0,공원과,,00:00~24:00,,37.33583288,126.85659911,2019-08-01
"공중화장실",시민공원1,,경기도 안산시 단원구 원곡동 산 100-1,N,3,4,1,0,0,0,6,1,0,공원과,,00:00~24:00,,37.3184879722,126.8049077401,2019-08-01
"공중화장실",시민공원4,,경기도 안산시 단원구 원곡동 산 100-1,N,0,0,0,0,0,0,0,0,0,공원과,,00:00~24:00,,37.3184879722,126.8049077401,2019-08-01
"공중화장실",시화오일뱅크,경기도 안산시 단원구 대부황금로 1435,경기도 안산시 단원구 대부북동 1849-36,N,0,0,0,0,0,0,0,0,0,시화주유소,,00:00~24:00,,37.28414946,126.56957845,2019-08-01
"공중화장실",신길공원,,경기도 안산시 단원구 신길동 1748,N,1,1,0,0,0,0,1,0,0,공원과,,00:00~24:00,,37.33068310,126.75513400,2019-08-01
"공중화장실",신세계이마트고잔점,경기도 안산시 단원구 원포공원1로 46,경기도 안산시 단원구 초지동 742-4,N,10,12,1,0,0,0,19,4,0,E마트,,00:00~24:00,,37.30312131,126.81291974,2019-08-01
"공중화장실",신용보증기금,경기도 안산시 단원구 광덕대로 243,경기도 안산시 단원구 고잔동 525-3,N,4,6,0,0,0,0,4,0,0,안산지점장,,00:00~24:00,,37.31842900,126.82984410,2019-08-01
"공중화장실",안산고속주유소,경기도 안산시 상록구 가루개로 56,경기도 안산시 상록구 양상동 167-1,N,2,1,0,0,0,0,2,0,0,개인,,00:00~24:00,,37.34648530,126.84035610,2019-08-01
"공중화장실",안산공산품유통상가,경기도 안산시 단원구 산단로 342,경기도 안산시 단원구 원곡동 994-5,N,331,357,0,0,0,0,325,0,0,안산유통상가사업협동조합,,00:00~24:00,,37.32541232,126.78658930,2019-08-01
"공중화장실",안산문화광장,경기도 안산시 단원구 광덕대로 157,경기도 안산시 단원구 고잔동 800,N,5,2,1,0,1,0,10,1,2,안산문화재단,,00:00~24:00,,37.31074150,126.82982160,2019-08-01
"공중화장실",안산소방서 대부119안전센터,경기도 안산시 단원구 영전로 375,경기도 안산시 단원구 대부동동 89-3,N,3,7,0,0,0,1,1,0,0,안산소방서 대부119안전센터장,,00:00~24:00,,37.24026885,126.61785167,2019-08-01
"공중화장실",안산소방서 사동119안전센터,경기도 안산시 상록구 항가울로 230,경기도 안산시 상록구 사동 1584-2,N,3,3,0,0,0,0,1,0,0,안산소방서 사동 119안전센터장,,00:00~24:00,,37.30081666,126.84365760,2019-08-01
"공중화장실",안산소방서월피119안전센터,경기도 안산시 상록구 충장로 645,경기도 안산시 상록구 월피동 468-8,N,0,0,0,2,0,0,0,0,0,소방서장,,00:00~24:00,,37.33500060,126.85442950,2019-08-01
"공중화장실",안산시보육OK지원센터,경기도 안산시 단원구 광덕2로 249,경기도 안산시 단원구 고잔동 766-1,N,2,2,1,0,0,0,2,1,0,단원구청장(주민복지과장),,00:00~24:00,,37.30954100,126.83821370,2019-08-01
"공중화장실",안산어촌민속전시관,경기도 안산시 단원구 대부황금로 7,경기도 안산시 단원구 선감동 717,N,4,8,1,0,1,0,9,1,1,안산도시공사장,,00:00~24:00,,37.19250762,126.64612300,2019-08-01
"공중화장실",안산유통상가,경기도 안산시 단원구 산단로 348,경기도 안산시 단원구 원곡동 994,N,82,76,3,0,0,0,77,3,0,안산유통상가사업협동조합,,00:00~24:00,,37.32642260,126.78640129,2019-08-01
"공중화장실",안산정보산업진흥센터,경기도 안산시 단원구 연수원로 104-14,경기도 안산시 단원구 원곡동 643-7,N,6,6,0,0,0,0,5,0,0,산업정책과,,00:00~24:00,,37.32161950,126.80125080,2019-08-01
"공중화장실",안산청소년꿈키움센터,경기도 안산시 상록구 순환로 565,경기도 안산시 상록구 월피동 225-3,N,4,10,2,0,0,0,4,2,0,법무부범죄예방정책국,,00:00~24:00,,37.34021080,126.84991009,2019-08-01
"공중화장실",안산터미널주유소((주)성홍주유소),경기도 안산시 상록구 충장로 431,경기도 안산시 상록구 성포동 590,N,2,2,0,0,0,0,2,0,0,씨엔에스에너지주유소,,00:00~24:00,,37.31744946,126.84890390,2019-08-01
"공중화장실",어울림공원 간이화장실,,경기도 안산시 상록구 사동 299-5,N,0,1,0,0,0,0,0,0,0,공원과,,00:00~24:00,,37.28950767,126.85674050,2019-08-01
"공중화장실",어울림공원 태영아파트 앞,,경기도 안산시 상록구 사동 1466-13,N,1,2,0,0,0,0,2,0,0,공원과,,00:00~24:00,,37.29828569,126.85840400,2019-08-01
"공중화장실",에이스병원,경기도 안산시 단원구 화랑로 376,경기도 안산시 단원구 고잔동 523,N,23,23,0,0,0,0,17,0,0,에이스병원,,00:00~24:00,,37.32094970,126.82921970,2019-08-01
"공중화장실",연세서울병원,경기도 안산시 상록구 선암로 40,경기도 안산시 상록구 본오동 948-11,N,5,4,0,0,0,1,7,0,0,개인,,00:00~24:00,,37.28844530,126.86312980,2019-08-01
"공중화장실",영동고속도로 화정1교 아래,,경기도 안산시 단원구 화정동 306-6,N,1,1,0,0,0,0,1,0,0,안산도시공사장,,00:00~24:00,,37.34963933,126.82235910,2019-08-01
"공중화장실",영동고속도로 화정2교 아래,,경기도 안산시 단원구 화정동 337-5,N,1,1,0,0,0,0,1,0,0,안산도시공사장,,00:00~24:00,,37.34847400,126.82632330,2019-08-01
"공중화장실",와동 꽃빛공원,경기도 안산시 단원구 순환로 390,경기도 안산시 단원구 와동 37-2,N,3,5,1,0,0,0,5,1,0,위생정책과장,,00:00~24:00,,37.34253912,126.83377650,2019-08-01
"공중화장실",와동인조잔디구장,,경기도 안산시 단원구 와동 95-2,N,1,1,0,0,0,0,1,1,0,안산도시공사장,,00:00~24:00,,37.34333631,126.83115410,2019-08-01
"공중화장실",와동제1공원(1구역),,경기도 안산시 단원구 와동 787,N,1,0,0,0,0,1,2,0,0,공원과,,00:00~24:00,,37.34819676,126.82174180,2019-08-01
"공중화장실",와동제1공원(2구역),,경기도 안산시 단원구 선부동 1163,N,0,1,0,2,0,0,0,0,0,공원과,,00:00~24:00,,37.34858510,126.81713040,2019-08-01
"공중화장실",와동제1공원(3구역),,경기도 안산시 단원구 선부동 1162,N,1,1,0,0,0,0,2,0,0,공원과,,00:00~24:00,,37.34877710,126.81416940,2019-08-01
"공중화장실",용담주유소,경기도 안산시 상록구 해안로 1363,경기도 안산시 상록구 팔곡일동 565-4,N,1,2,0,0,0,0,1,0,0,개인,,00:00~24:00,,37.29797050,126.88860310,2019-08-01
"공중화장실",용하공원,,경기도 안산시 상록구 사동 1535-1,N,3,3,1,0,0,0,6,1,0,공원과,,00:00~24:00,,37.30565128,126.85454360,2019-08-01
"공중화장실",원고잔공원,,경기도 안산시 단원구 고잔동 산 87-3,N,1,0,1,0,0,0,2,1,0,공원과,,00:00~24:00,,37.32311482,126.82330260,2019-08-01
"공중화장실",원곡공원1,,경기도 안산시 단원구 원곡동 963-14,N,2,4,0,0,0,0,2,0,0,공원과,,00:00~24:00,,37.33339360,126.79468510,2019-08-01
"공중화장실",원곡공원2,,경기도 안산시 단원구 원곡동 963-1,N,2,1,3,0,0,0,3,1,0,공원과,,00:00~24:00,,37.33423608,126.79316772,2019-08-01
"공중화장실",원곡역,경기도 안산시 단원구 동산로 지하 50,경기도 안산시 단원구 원시동 804,N,4,80,0,0,0,0,12,0,0,원곡역장,,00:00~24:00,,37.31304502,126.79593771,2019-08-01
"공중화장실",원시119센터,경기도 안산시 단원구 동산로 31,경기도 안산시 단원구 원시동 773-5,N,0,0,0,2,0,0,0,0,0,소방서장,,00:00~24:00,,37.31296527,126.79357980,2019-08-01
"공중화장실",원시운동장,경기도 안산시 단원구 산단로 94,경기도 안산시 단원구 원시동 782,N,10,24,0,0,0,2,10,0,0,안산도시공사장,,00:00~24:00,,37.30460470,126.78805577,2019-08-01
"공중화장실",은하수공원,,경기도 안산시 상록구 사동 1253-6,N,3,3,1,0,0,0,6,1,0,공원과,,00:00~24:00,,37.30228998,126.85415540,2019-08-01
"공중화장실",이동공원,,경기도 안산시 상록구 이동 711,N,3,3,1,0,0,0,6,1,0,공원과,,00:00~24:00,,37.30886937,126.84862650,2019-08-01
"공중화장실",일동공원,,경기도 안산시 상록구 일동 산 13-5,N,2,2,1,0,0,0,2,1,0,공원과,,00:00~24:00,,37.31321870,126.86729540,2019-08-01
"공중화장실",일신에너지,경기도 안산시 상록구 수인로 1125,경기도 안산시 상록구 팔곡일동 620,N,2,2,0,0,0,0,2,0,0,㈜SK가스,,00:00~24:00,,37.30154212,126.88549040,2019-08-01
"공중화장실",자연학습장관리사,,경기도 안산시 상록구 부곡동 711,N,1,2,1,0,0,0,5,1,0,안산시장(녹지과장),,00:00~24:00,,37.33020618,126.85904251,2019-08-01
"공중화장실",장하주유소,경기도 안산시 상록구 장하로 88,경기도 안산시 상록구 장하동 246-3,N,2,1,0,0,0,0,2,0,0,개인,,00:00~24:00,,37.34702610,126.85759345,2019-08-01
"공중화장실",장화운동장,경기도 안산시 상록구 선진안길 80-5,경기도 안산시 상록구 사동 1502-1,N,1,1,0,0,0,1,2,0,0,안산도시공사장,,00:00~24:00,,37.27687949,126.84756434,2019-08-01
"공중화장실",잿머리성황당,,경기도 안산시 단원구 성곡동 산 76,N,1,1,0,0,0,0,1,0,0,안산시장(문화예술과장),,00:00~24:00,,37.32600160,126.83062420,2019-08-01
"공중화장실",점섬운동장,경기도 안산시 상록구 성호로 190,경기도 안산시 상록구 부곡동 705,N,1,1,1,0,0,0,2,1,0,안산도시공사장,,00:00~24:00,,37.32033686,126.85802750,2019-08-01
"공중화장실",정지2공원,,경기도 안산시 단원구 선부동 산 90,N,1,1,0,0,0,0,1,0,0,공원과,,00:00~24:00,,37.34266602,126.81124870,2019-08-01
"공중화장실",제13주구(당곡)운동장,,경기도 안산시 단원구 고잔동 677-1,N,1,1,0,0,0,1,2,0,0,안산도시공사장,,00:00~24:00,,37.32425755,126.83449200,2019-08-01
"공중화장실",제26주구(민속)운동장,,경기도 안산시 단원구 고잔동 779,N,1,1,0,0,0,1,2,0,0,안산도시공사장,,00:00~24:00,,37.30626147,126.83898760,2019-08-01
"공중화장실",제2주구(능길운동장),,경기도 안산시 단원구 신길동 1053,N,1,1,0,0,0,1,2,0,0,안산도시공사장,,00:00~24:00,,37.32725207,126.76316650,2019-08-01
"공중화장실",제6주구(초지)운동장,,경기도 안산시 단원구 초지동 776,N,1,0,0,1,0,0,1,0,0,안산도시공사장,,00:00~24:00,,37.31061916,126.81271750,2019-08-01
"공중화장실",㈜중산엘피지,경기도 안산시 상록구 안산천서로6길 24,경기도 안산시 상록구 월피동 483-3,N,2,2,0,0,0,0,1,0,0,㈜중산엘피지,,00:00~24:00,,37.33675619,126.84871173,2019-08-01
"공중화장실",중앙공원1(매점),,경기도 안산시 단원구 고잔동 산 20,N,1,2,0,0,0,1,2,0,0,공원과,,00:00~24:00,,37.32614460,126.83059410,2019-08-01
"공중화장실",중앙공원2,,경기도 안산시 단원구 고잔동 산 23-1,N,2,3,0,0,0,0,3,0,0,공원과,,00:00~24:00,,37.32892850,126.83140410,2019-08-01
"공중화장실",중앙역,경기도 안산시 단원구 중앙대로 918,경기도 안산시 단원구 고잔동 167-378,N,4,6,1,0,0,0,8,1,1,한국철도공사장(안산관리역장),,00:00~24:00,,37.31601209,126.83848900,2019-08-01
"공중화장실",중앙하이츠빌,경기도 안산시 단원구 안산천서로 23,경기도 안산시 단원구 고잔동 539-10,N,6,12,0,0,0,0,6,0,0,㈜영신산업,,00:00~24:00,,37.31821876,126.84186714,2019-08-01
"공중화장실",청소년수련관,경기도 안산시 상록구 삼일로 696,경기도 안산시 상록구 성포동 214-1,N,0,0,0,1,0,0,0,0,0,(재)안산시청소년수련관,,00:00~24:00,,37.32625264,126.85326856,2019-08-01
"공중화장실",초지스타주유소,경기도 안산시 단원구 초지로 106,경기도 안산시 단원구 초지동 735,N,0,0,2,0,0,0,0,1,0,GS칼텍스,,00:00~24:00,,37.30814531,126.81524570,2019-08-01
"공중화장실",탄도어민복지회관,경기도 안산시 단원구 대부황금로 5-20,경기도 안산시 단원구 선감동 717-3,N,0,0,0,0,0,0,0,0,0,해양수산과,,00:00~24:00,,37.19114962,126.64638220,2019-08-01
"공중화장실",태영타운,경기도 안산시 단원구 원포공원1로 49,경기도 안산시 단원구 초지동 743-4,N,6,9,1,0,0,0,6,1,0,태영타운관리사무소,,00:00~24:00,,37.30240910,126.81230329,2019-08-01
"공중화장실",풍경공원,,경기도 안산시 단원구 초지동 740,N,3,3,1,0,0,0,6,1,0,공원과,,00:00~24:00,,37.30553294,126.81557280,2019-08-01
"공중화장실",풍경운동장,,경기도 안산시 단원구 초지동 740-3,N,1,1,1,0,0,0,2,1,0,안산도시공사장,,00:00~24:00,,37.30437011,126.81524850,2019-08-01
"공중화장실",프라임아트,경기도 안산시 단원구 원포공원로 54,경기도 안산시 단원구 초지동 742,N,30,40,10,0,0,0,30,10,0,아트BM㈜,,00:00~24:00,,37.30330820,126.80982610,2019-08-01
"공중화장실",한국산업단지공단경지지역본부,경기도 안산시 단원구 동산로 57,경기도 안산시 단원구 원시동 773-2,N,8,12,0,0,0,0,8,0,0,한국산업단지공단,,00:00~24:00,,37.31400664,126.79553802,2019-08-01
"공중화장실",한국에너지기기산업진흥회,경기도 안산시 상록구 장하로 300,경기도 안산시 상록구 장상동 535-4,N,15,20,0,0,0,0,15,0,0,한국에너지산업진흥회,,00:00~24:00,,37.36085888,126.87168193,2019-08-01
"공중화장실",한대앞역,경기도 안산시 상록구 충장로 337,경기도 안산시 상록구 이동 211-5,N,4,3,1,0,0,0,6,1,0,한국철도공사장(안산관리역장),,00:00~24:00,,37.31034260,126.85337270,2019-08-01
"공중화장실",한양증권,경기도 안산시 단원구 광덕대로 264,경기도 안산시 단원구 고잔동 527-6,N,10,10,0,0,0,0,10,0,0,한양증권,,00:00~24:00,,37.32001860,126.83148960,2019-08-01
"공중화장실",해오라기 공원 화장실,,경기도 안산시 단원구 신길동 1699,N,0,2,1,0,0,0,1,1,0,공원과,,00:00~24:00,,37.33311141,126.78313130,2019-08-01
"공중화장실",행복주유소,경기도 안산시 상록구 수인로 1820,경기도 안산시 상록구 부곡동 1-1,N,2,2,0,0,0,0,2,0,0,개인,,00:00~24:00,,37.34614138,126.86960860,2019-08-01
"공중화장실",호수공원(관리소),,경기도 안산시 상록구 사동 1509,N,3,4,2,0,0,0,6,1,0,공원과,,00:00~24:00,,37.30053553,126.82349160,2019-08-01
"공중화장실",호수공원(기존관리소),,경기도 안산시 상록구 사동 1509,N,3,3,1,0,0,0,6,1,0,공원과,,00:00~24:00,,37.30053553,126.82349160,2019-08-01
"공중화장실",호수공원(수변광장),,경기도 안산시 상록구 사동 1509,N,3,3,1,0,0,0,6,1,0,공원과,,00:00~24:00,,37.30053553,126.82349160,2019-08-01
"공중화장실",호수공원(야외무대),,경기도 안산시 상록구 사동 1509,N,3,3,1,0,0,0,6,1,0,공원과,,00:00~24:00,,37.30053553,126.82349160,2019-08-01
"공중화장실",호수공원(인라인장),경기도 안산시 상록구 광덕대로 70,경기도 안산시 상록구 사동 1513,N,3,4,2,0,0,0,6,1,0,공원과,,00:00~24:00,,37.30210995,126.83007570,2019-08-01
"공중화장실",호수공원(자전거),,경기도 안산시 상록구 사동 1509,N,3,3,1,0,0,0,6,0,0,공원과,,00:00~24:00,,37.30053553,126.82349160,2019-08-01
"공중화장실",호수공원(제1화장실),,경기도 안산시 상록구 사동 1509,N,3,3,1,0,0,0,6,1,0,공원과,,00:00~24:00,,37.30053553,126.82349160,2019-08-01
"공중화장실",호수공원(제2화장실),,경기도 안산시 상록구 사동 1509,N,3,3,1,0,0,0,6,1,0,공원과,,00:00~24:00,,37.30053553,126.82349160,2019-08-01
"공중화장실",호수공원(제3화장실),,경기도 안산시 상록구 사동 1509,N,3,3,1,0,0,0,6,1,0,공원과,,00:00~24:00,,37.30053553,126.82349160,2019-08-01
"공중화장실",호수공원(제4화장실),,경기도 안산시 상록구 사동 1513,N,3,3,1,0,0,0,6,1,0,공원과,,00:00~24:00,,37.30210995,126.83007571,2019-08-01
"공중화장실",호수공원(제5화장실),,경기도 안산시 상록구 사동 1513,N,3,3,1,0,0,0,6,1,0,공원과,,00:00~24:00,,37.30210995,126.83007571,2019-08-01
"공중화장실",호수공원(중앙관리소),,경기도 안산시 상록구 사동 1509,N,5,5,2,0,0,0,10,1,0,공원과,,00:00~24:00,,37.30053553,126.82349160,2019-08-01
"공중화장실",호수공원하키장관리동,,경기도 안산시 상록구 사동 1513,N,5,4,1,0,0,0,7,1,0,공원과,,00:00~24:00,,37.30210995,126.83007571,2019-08-01
"공중화장실",휴웰요양원,경기도 안산시 단원구 고잔로 134,경기도 안산시 단원구 고잔동 539-8,N,20,24,5,0,0,0,30,5,0,㈜한국산재의료원,,00:00~24:00,,37.31850900,126.84091280,2019-08-01
"공중화장실",KDB산업은행,경기도 안산시 단원구 광덕대로 271,경기도 안산시 단원구 고잔동 523-8,N,8,8,0,0,0,0,8,0,0,개인,,00:00~24:00,,37.32085420,126.83001537,2019-08-01
"공중화장실",SK시화공단주유소,경기도 안산시 단원구 번영로 109,경기도 안산시 단원구 성곡동 710-11,N,1,1,0,0,0,0,1,0,0,SK네트웍스,,00:00~24:00,,37.31961680,126.73612960,2019-08-01
"공중화장실",단원어린이도서관 (중복데이터 삭제 요청),경기도 안산시 단원구 화정로 30,경기도 안산시 단원구 초지동 667-3,N,5,5,6,6,0,0,6,3,0,중앙도서관장,,00:00~24:00,,37.33110589,126.81602800,2019-08-01
"공중화장실",단원어린이도서관,경기도 안산시 단원구 화정로 30,경기도 안산시 단원구 초지동 667-3,N,1,1,1,1,0,0,2,1,1,관산도서관장,,09:00~18:00,,37.33110589,126.81602800,2019-08-01
"공중화장실",관산도서관,경기도 안산시 단원구 관산길 29,경기도 안산시 단원구 원곡동 936-9,N,2,3,1,0,0,0,3,1,0,관산도서관장,,07:00~23:00,,37.33214233,126.79957270,2019-08-01
"공중화장실",선부도서관,경기도 안산시 단원구 선부로 100,경기도 안산시 단원구 선부동 1068-1,N,3,3,1,0,0,0,5,1,0,관산도서관장,,07:00~23:00,,37.34114552,126.80614467,2019-08-01
"공중화장실",대부도서관,경기도 안산시 단원구 대남로 30,경기도 안산시 단원구 대부북동 425-3,N,2,2,1,0,0,0,2,1,0,관산도서관장,,07:00~23:00,,37.24047244,126.58311650,2019-08-01
"공중화장실",원고잔도서관,경기도 안산시 단원구 원고잔공원로 33,경기도 안산시 단원구 고잔동 336-2,N,2,2,1,0,0,0,2,1,0,관산도서관장,,07:00~23:00,,37.32466768,126.82476271,2019-08-01
"공중화장실",달미작은도서관,경기도 안산시 단원구 선삼로4안길 25-9,경기도 안산시 단원구 선부동 1161,N,1,1,1,0,0,0,1,1,0,관산도서관장,,09:00~18:00,,37.34886800,126.80988539,2019-08-01
